cycle,run,start,busy,done,error,saturation,state,add_busy,add_done,output_count,stage_cycle_count,element_index
0,1,0,0,0,0,0,0,0,0,0,0,0
1,1,1,0,0,0,0,0,0,0,0,0,0
2,1,0,1,0,0,0,1,0,0,0,0,0
3,1,0,1,0,0,0,2,1,0,0,1,0
4,1,0,1,0,0,0,2,1,0,1,2,1
5,1,0,1,0,0,0,2,1,0,2,3,2
6,1,0,1,0,0,0,2,1,0,3,4,3
7,1,0,1,0,0,0,2,1,0,4,5,4
8,1,0,1,0,0,0,2,1,0,5,6,5
9,1,0,1,0,0,0,2,1,0,6,7,6
10,1,0,1,0,0,0,2,1,0,7,8,7
11,1,0,1,0,0,0,2,1,0,8,9,8
12,1,0,1,0,0,0,2,1,0,9,10,9
13,1,0,1,0,0,0,2,1,0,10,11,10
14,1,0,1,0,0,0,2,1,0,11,12,11
15,1,0,1,0,0,0,2,1,0,12,13,12
16,1,0,1,0,0,0,2,1,0,13,14,13
17,1,0,1,0,0,0,2,1,0,14,15,14
18,1,0,1,0,0,0,2,1,0,15,16,15
19,1,0,1,0,0,0,2,1,0,16,17,16
20,1,0,1,0,0,0,2,1,0,17,18,17
21,1,0,1,0,0,0,2,1,0,18,19,18
22,1,0,1,0,0,0,2,1,0,19,20,19
23,1,0,1,0,0,0,2,1,0,20,21,20
24,1,0,1,0,0,0,2,1,0,21,22,21
25,1,0,1,0,0,0,2,1,0,22,23,22
26,1,0,1,0,0,0,2,1,0,23,24,23
27,1,0,1,0,0,0,2,1,0,24,25,24
28,1,0,1,0,0,0,2,1,0,25,26,25
29,1,0,1,0,0,0,2,1,0,26,27,26
30,1,0,1,0,0,0,2,1,0,27,28,27
31,1,0,1,0,0,0,2,1,0,28,29,28
32,1,0,1,0,0,0,2,1,0,29,30,29
33,1,0,1,0,0,0,2,1,0,30,31,30
34,1,0,1,0,0,0,2,1,0,31,32,31
35,1,0,1,0,0,0,2,1,0,32,33,32
36,1,0,1,0,0,0,2,1,0,33,34,33
37,1,0,1,0,0,0,2,1,0,34,35,34
38,1,0,1,0,0,0,2,1,0,35,36,35
39,1,0,1,0,0,0,2,1,0,36,37,36
40,1,0,1,0,0,0,2,1,0,37,38,37
41,1,0,1,0,0,0,2,1,0,38,39,38
42,1,0,1,0,0,0,2,1,0,39,40,39
43,1,0,1,0,0,0,2,1,0,40,41,40
44,1,0,1,0,0,0,2,1,0,41,42,41
45,1,0,1,0,0,0,2,1,0,42,43,42
46,1,0,1,0,0,0,2,1,0,43,44,43
47,1,0,1,0,0,0,2,1,0,44,45,44
48,1,0,1,0,0,0,2,1,0,45,46,45
49,1,0,1,0,0,0,2,1,0,46,47,46
50,1,0,1,0,0,0,2,1,0,47,48,47
51,1,0,1,0,0,0,2,1,0,48,49,48
52,1,0,1,0,0,0,2,1,0,49,50,49
53,1,0,1,0,0,0,2,1,0,50,51,50
54,1,0,1,0,0,0,2,1,0,51,52,51
55,1,0,1,0,0,0,2,1,0,52,53,52
56,1,0,1,0,0,0,2,1,0,53,54,53
57,1,0,1,0,0,0,2,1,0,54,55,54
58,1,0,1,0,0,0,2,1,0,55,56,55
59,1,0,1,0,0,0,2,1,0,56,57,56
60,1,0,1,0,0,0,2,1,0,57,58,57
61,1,0,1,0,0,0,2,1,0,58,59,58
62,1,0,1,0,0,0,2,1,0,59,60,59
63,1,0,1,0,0,0,2,1,0,60,61,60
64,1,0,1,0,0,0,2,1,0,61,62,61
65,1,0,1,0,0,0,2,1,0,62,63,62
66,1,0,1,0,0,0,2,1,0,63,64,63
67,1,0,1,0,0,0,2,1,0,64,65,64
68,1,0,1,0,0,0,2,1,0,65,66,65
69,1,0,1,0,0,0,2,1,0,66,67,66
70,1,0,1,0,0,0,2,1,0,67,68,67
71,1,0,1,0,0,0,2,1,0,68,69,68
72,1,0,1,0,0,0,2,1,0,69,70,69
73,1,0,1,0,0,0,2,1,0,70,71,70
74,1,0,1,0,0,0,2,1,0,71,72,71
75,1,0,1,0,0,0,2,1,0,72,73,72
76,1,0,1,0,0,0,2,1,0,73,74,73
77,1,0,1,0,0,0,2,1,0,74,75,74
78,1,0,1,0,0,0,2,1,0,75,76,75
79,1,0,1,0,0,0,2,1,0,76,77,76
80,1,0,1,0,0,0,2,1,0,77,78,77
81,1,0,1,0,0,0,2,1,0,78,79,78
82,1,0,1,0,0,0,2,1,0,79,80,79
83,1,0,1,0,0,0,2,1,0,80,81,80
84,1,0,1,0,0,0,2,1,0,81,82,81
85,1,0,1,0,0,0,2,1,0,82,83,82
86,1,0,1,0,0,0,2,1,0,83,84,83
87,1,0,1,0,0,0,2,1,0,84,85,84
88,1,0,1,0,0,0,2,1,0,85,86,85
89,1,0,1,0,0,0,2,1,0,86,87,86
90,1,0,1,0,0,0,2,1,0,87,88,87
91,1,0,1,0,0,0,2,1,0,88,89,88
92,1,0,1,0,0,0,2,1,0,89,90,89
93,1,0,1,0,0,0,2,1,0,90,91,90
94,1,0,1,0,0,0,2,1,0,91,92,91
95,1,0,1,0,0,0,2,1,0,92,93,92
96,1,0,1,0,0,0,2,1,0,93,94,93
97,1,0,1,0,0,0,2,1,0,94,95,94
98,1,0,1,0,0,0,2,1,0,95,96,95
99,1,0,1,0,0,0,2,1,0,96,97,96
100,1,0,1,0,0,0,2,1,0,97,98,97
101,1,0,1,0,0,0,2,1,0,98,99,98
102,1,0,1,0,0,0,2,1,0,99,100,99
103,1,0,1,0,0,0,2,1,0,100,101,100
104,1,0,1,0,0,0,2,1,0,101,102,101
105,1,0,1,0,0,0,2,1,0,102,103,102
106,1,0,1,0,0,0,2,1,0,103,104,103
107,1,0,1,0,0,0,2,1,0,104,105,104
108,1,0,1,0,0,0,2,1,0,105,106,105
109,1,0,1,0,0,0,2,1,0,106,107,106
110,1,0,1,0,0,0,2,1,0,107,108,107
111,1,0,1,0,0,0,2,1,0,108,109,108
112,1,0,1,0,0,0,2,1,0,109,110,109
113,1,0,1,0,0,0,2,1,0,110,111,110
114,1,0,1,0,0,0,2,1,0,111,112,111
115,1,0,1,0,0,0,2,1,0,112,113,112
116,1,0,1,0,0,0,2,1,0,113,114,113
117,1,0,1,0,0,0,2,1,0,114,115,114
118,1,0,1,0,0,0,2,1,0,115,116,115
119,1,0,1,0,0,0,2,1,0,116,117,116
120,1,0,1,0,0,0,2,1,0,117,118,117
121,1,0,1,0,0,0,2,1,0,118,119,118
122,1,0,1,0,0,0,2,1,0,119,120,119
123,1,0,1,0,0,0,2,1,0,120,121,120
124,1,0,1,0,0,0,2,1,0,121,122,121
125,1,0,1,0,0,0,2,1,0,122,123,122
126,1,0,1,0,0,0,2,1,0,123,124,123
127,1,0,1,0,0,0,2,1,0,124,125,124
128,1,0,1,0,0,0,2,1,0,125,126,125
129,1,0,1,0,0,0,2,1,0,126,127,126
130,1,0,1,0,0,0,2,1,0,127,128,127
131,1,1,1,0,0,0,2,1,0,128,129,128
132,1,0,1,0,0,0,2,1,0,129,130,129
133,1,0,1,0,0,0,2,1,0,130,131,130
134,1,0,1,0,0,0,2,1,0,131,132,131
135,1,0,1,0,0,0,2,1,0,132,133,132
136,1,0,1,0,0,0,2,1,0,133,134,133
137,1,0,1,0,0,0,2,1,0,134,135,134
138,1,0,1,0,0,0,2,1,0,135,136,135
139,1,0,1,0,0,0,2,1,0,136,137,136
140,1,0,1,0,0,0,2,1,0,137,138,137
141,1,0,1,0,0,0,2,1,0,138,139,138
142,1,0,1,0,0,0,2,1,0,139,140,139
143,1,0,1,0,0,0,2,1,0,140,141,140
144,1,0,1,0,0,0,2,1,0,141,142,141
145,1,0,1,0,0,0,2,1,0,142,143,142
146,1,0,1,0,0,0,2,1,0,143,144,143
147,1,0,1,0,0,0,2,1,0,144,145,144
148,1,0,1,0,0,0,2,1,0,145,146,145
149,1,0,1,0,0,0,2,1,0,146,147,146
150,1,0,1,0,0,0,2,1,0,147,148,147
151,1,0,1,0,0,0,2,1,0,148,149,148
152,1,0,1,0,0,0,2,1,0,149,150,149
153,1,0,1,0,0,0,2,1,0,150,151,150
154,1,0,1,0,0,0,2,1,0,151,152,151
155,1,0,1,0,0,0,2,1,0,152,153,152
156,1,0,1,0,0,0,2,1,0,153,154,153
157,1,0,1,0,0,0,2,1,0,154,155,154
158,1,0,1,0,0,0,2,1,0,155,156,155
159,1,0,1,0,0,0,2,1,0,156,157,156
160,1,0,1,0,0,0,2,1,0,157,158,157
161,1,0,1,0,0,0,2,1,0,158,159,158
162,1,0,1,0,0,0,2,1,0,159,160,159
163,1,0,1,0,0,0,2,1,0,160,161,160
164,1,0,1,0,0,0,2,1,0,161,162,161
165,1,0,1,0,0,0,2,1,0,162,163,162
166,1,0,1,0,0,0,2,1,0,163,164,163
167,1,0,1,0,0,0,2,1,0,164,165,164
168,1,0,1,0,0,0,2,1,0,165,166,165
169,1,0,1,0,0,0,2,1,0,166,167,166
170,1,0,1,0,0,0,2,1,0,167,168,167
171,1,0,1,0,0,0,2,1,0,168,169,168
172,1,0,1,0,0,0,2,1,0,169,170,169
173,1,0,1,0,0,0,2,1,0,170,171,170
174,1,0,1,0,0,0,2,1,0,171,172,171
175,1,0,1,0,0,0,2,1,0,172,173,172
176,1,0,1,0,0,0,2,1,0,173,174,173
177,1,0,1,0,0,0,2,1,0,174,175,174
178,1,0,1,0,0,0,2,1,0,175,176,175
179,1,0,1,0,0,0,2,1,0,176,177,176
180,1,0,1,0,0,0,2,1,0,177,178,177
181,1,0,1,0,0,0,2,1,0,178,179,178
182,1,0,1,0,0,0,2,1,0,179,180,179
183,1,0,1,0,0,0,2,1,0,180,181,180
184,1,0,1,0,0,0,2,1,0,181,182,181
185,1,0,1,0,0,0,2,1,0,182,183,182
186,1,0,1,0,0,0,2,1,0,183,184,183
187,1,0,1,0,0,0,2,1,0,184,185,184
188,1,0,1,0,0,0,2,1,0,185,186,185
189,1,0,1,0,0,0,2,1,0,186,187,186
190,1,0,1,0,0,0,2,1,0,187,188,187
191,1,0,1,0,0,0,2,1,0,188,189,188
192,1,0,1,0,0,0,2,1,0,189,190,189
193,1,0,1,0,0,0,2,1,0,190,191,190
194,1,0,1,0,0,0,2,1,0,191,192,191
195,1,0,1,0,0,0,2,1,0,192,193,192
196,1,0,1,0,0,0,2,1,0,193,194,193
197,1,0,1,0,0,0,2,1,0,194,195,194
198,1,0,1,0,0,0,2,1,0,195,196,195
199,1,0,1,0,0,0,2,1,0,196,197,196
200,1,0,1,0,0,0,2,1,0,197,198,197
201,1,0,1,0,0,0,2,1,0,198,199,198
202,1,0,1,0,0,0,2,1,0,199,200,199
203,1,0,1,0,0,0,2,1,0,200,201,200
204,1,0,1,0,0,0,2,1,0,201,202,201
205,1,0,1,0,0,0,2,1,0,202,203,202
206,1,0,1,0,0,0,2,1,0,203,204,203
207,1,0,1,0,0,0,2,1,0,204,205,204
208,1,0,1,0,0,0,2,1,0,205,206,205
209,1,0,1,0,0,0,2,1,0,206,207,206
210,1,0,1,0,0,0,2,1,0,207,208,207
211,1,0,1,0,0,0,2,1,0,208,209,208
212,1,0,1,0,0,0,2,1,0,209,210,209
213,1,0,1,0,0,0,2,1,0,210,211,210
214,1,0,1,0,0,0,2,1,0,211,212,211
215,1,0,1,0,0,0,2,1,0,212,213,212
216,1,0,1,0,0,0,2,1,0,213,214,213
217,1,0,1,0,0,0,2,1,0,214,215,214
218,1,0,1,0,0,0,2,1,0,215,216,215
219,1,0,1,0,0,0,2,1,0,216,217,216
220,1,0,1,0,0,0,2,1,0,217,218,217
221,1,0,1,0,0,0,2,1,0,218,219,218
222,1,0,1,0,0,0,2,1,0,219,220,219
223,1,0,1,0,0,0,2,1,0,220,221,220
224,1,0,1,0,0,0,2,1,0,221,222,221
225,1,0,1,0,0,0,2,1,0,222,223,222
226,1,0,1,0,0,0,2,1,0,223,224,223
227,1,0,1,0,0,0,2,1,0,224,225,224
228,1,0,1,0,0,0,2,1,0,225,226,225
229,1,0,1,0,0,0,2,1,0,226,227,226
230,1,0,1,0,0,0,2,1,0,227,228,227
231,1,0,1,0,0,0,2,1,0,228,229,228
232,1,0,1,0,0,0,2,1,0,229,230,229
233,1,0,1,0,0,0,2,1,0,230,231,230
234,1,0,1,0,0,0,2,1,0,231,232,231
235,1,0,1,0,0,0,2,1,0,232,233,232
236,1,0,1,0,0,0,2,1,0,233,234,233
237,1,0,1,0,0,0,2,1,0,234,235,234
238,1,0,1,0,0,0,2,1,0,235,236,235
239,1,0,1,0,0,0,2,1,0,236,237,236
240,1,0,1,0,0,0,2,1,0,237,238,237
241,1,0,1,0,0,0,2,1,0,238,239,238
242,1,0,1,0,0,0,2,1,0,239,240,239
243,1,0,1,0,0,0,2,1,0,240,241,240
244,1,0,1,0,0,0,2,1,0,241,242,241
245,1,0,1,0,0,0,2,1,0,242,243,242
246,1,0,1,0,0,0,2,1,0,243,244,243
247,1,0,1,0,0,0,2,1,0,244,245,244
248,1,0,1,0,0,0,2,1,0,245,246,245
249,1,0,1,0,0,0,2,1,0,246,247,246
250,1,0,1,0,0,0,2,1,0,247,248,247
251,1,0,1,0,0,0,2,1,0,248,249,248
252,1,0,1,0,0,0,2,1,0,249,250,249
253,1,0,1,0,0,0,2,1,0,250,251,250
254,1,0,1,0,0,0,2,1,0,251,252,251
255,1,0,1,0,0,0,2,1,0,252,253,252
256,1,0,1,0,0,0,2,1,0,253,254,253
257,1,0,1,0,0,0,2,1,0,254,255,254
258,1,0,1,0,0,0,2,1,0,255,256,255
259,1,0,1,0,0,0,2,1,0,256,257,256
260,1,0,1,0,0,0,2,1,0,257,258,257
261,1,0,1,0,0,0,2,1,0,258,259,258
262,1,0,1,0,0,0,2,1,0,259,260,259
263,1,0,1,0,0,0,2,1,0,260,261,260
264,1,0,1,0,0,0,2,1,0,261,262,261
265,1,0,1,0,0,0,2,1,0,262,263,262
266,1,0,1,0,0,0,2,1,0,263,264,263
267,1,0,1,0,0,0,2,1,0,264,265,264
268,1,0,1,0,0,0,2,1,0,265,266,265
269,1,0,1,0,0,0,2,1,0,266,267,266
270,1,0,1,0,0,0,2,1,0,267,268,267
271,1,0,1,0,0,0,2,1,0,268,269,268
272,1,0,1,0,0,0,2,1,0,269,270,269
273,1,0,1,0,0,0,2,1,0,270,271,270
274,1,0,1,0,0,0,2,1,0,271,272,271
275,1,0,1,0,0,0,2,1,0,272,273,272
276,1,0,1,0,0,0,2,1,0,273,274,273
277,1,0,1,0,0,0,2,1,0,274,275,274
278,1,0,1,0,0,0,2,1,0,275,276,275
279,1,0,1,0,0,0,2,1,0,276,277,276
280,1,0,1,0,0,0,2,1,0,277,278,277
281,1,0,1,0,0,0,2,1,0,278,279,278
282,1,0,1,0,0,0,2,1,0,279,280,279
283,1,0,1,0,0,0,2,1,0,280,281,280
284,1,0,1,0,0,0,2,1,0,281,282,281
285,1,0,1,0,0,0,2,1,0,282,283,282
286,1,0,1,0,0,0,2,1,0,283,284,283
287,1,0,1,0,0,0,2,1,0,284,285,284
288,1,0,1,0,0,0,2,1,0,285,286,285
289,1,0,1,0,0,0,2,1,0,286,287,286
290,1,0,1,0,0,0,2,1,0,287,288,287
291,1,0,1,0,0,0,2,1,0,288,289,288
292,1,0,1,0,0,0,2,1,0,289,290,289
293,1,0,1,0,0,0,2,1,0,290,291,290
294,1,0,1,0,0,0,2,1,0,291,292,291
295,1,0,1,0,0,0,2,1,0,292,293,292
296,1,0,1,0,0,0,2,1,0,293,294,293
297,1,0,1,0,0,0,2,1,0,294,295,294
298,1,0,1,0,0,0,2,1,0,295,296,295
299,1,0,1,0,0,0,2,1,0,296,297,296
300,1,0,1,0,0,0,2,1,0,297,298,297
301,1,0,1,0,0,0,2,1,0,298,299,298
302,1,0,1,0,0,0,2,1,0,299,300,299
303,1,0,1,0,0,0,2,1,0,300,301,300
304,1,0,1,0,0,0,2,1,0,301,302,301
305,1,0,1,0,0,0,2,1,0,302,303,302
306,1,0,1,0,0,0,2,1,0,303,304,303
307,1,0,1,0,0,0,2,1,0,304,305,304
308,1,0,1,0,0,0,2,1,0,305,306,305
309,1,0,1,0,0,0,2,1,0,306,307,306
310,1,0,1,0,0,0,2,1,0,307,308,307
311,1,0,1,0,0,0,2,1,0,308,309,308
312,1,0,1,0,0,0,2,1,0,309,310,309
313,1,0,1,0,0,0,2,1,0,310,311,310
314,1,0,1,0,0,0,2,1,0,311,312,311
315,1,0,1,0,0,0,2,1,0,312,313,312
316,1,0,1,0,0,0,2,1,0,313,314,313
317,1,0,1,0,0,0,2,1,0,314,315,314
318,1,0,1,0,0,0,2,1,0,315,316,315
319,1,0,1,0,0,0,2,1,0,316,317,316
320,1,0,1,0,0,0,2,1,0,317,318,317
321,1,0,1,0,0,0,2,1,0,318,319,318
322,1,0,1,0,0,0,2,1,0,319,320,319
323,1,0,1,0,0,0,2,1,0,320,321,320
324,1,0,1,0,0,0,2,1,0,321,322,321
325,1,0,1,0,0,0,2,1,0,322,323,322
326,1,0,1,0,0,0,2,1,0,323,324,323
327,1,0,1,0,0,0,2,1,0,324,325,324
328,1,0,1,0,0,0,2,1,0,325,326,325
329,1,0,1,0,0,0,2,1,0,326,327,326
330,1,0,1,0,0,0,2,1,0,327,328,327
331,1,0,1,0,0,0,2,1,0,328,329,328
332,1,0,1,0,0,0,2,1,0,329,330,329
333,1,0,1,0,0,0,2,1,0,330,331,330
334,1,0,1,0,0,0,2,1,0,331,332,331
335,1,0,1,0,0,0,2,1,0,332,333,332
336,1,0,1,0,0,0,2,1,0,333,334,333
337,1,0,1,0,0,0,2,1,0,334,335,334
338,1,0,1,0,0,0,2,1,0,335,336,335
339,1,0,1,0,0,0,2,1,0,336,337,336
340,1,0,1,0,0,0,2,1,0,337,338,337
341,1,0,1,0,0,0,2,1,0,338,339,338
342,1,0,1,0,0,0,2,1,0,339,340,339
343,1,0,1,0,0,0,2,1,0,340,341,340
344,1,0,1,0,0,0,2,1,0,341,342,341
345,1,0,1,0,0,0,2,1,0,342,343,342
346,1,0,1,0,0,0,2,1,0,343,344,343
347,1,0,1,0,0,0,2,1,0,344,345,344
348,1,0,1,0,0,0,2,1,0,345,346,345
349,1,0,1,0,0,0,2,1,0,346,347,346
350,1,0,1,0,0,0,2,1,0,347,348,347
351,1,0,1,0,0,0,2,1,0,348,349,348
352,1,0,1,0,0,0,2,1,0,349,350,349
353,1,0,1,0,0,0,2,1,0,350,351,350
354,1,0,1,0,0,0,2,1,0,351,352,351
355,1,0,1,0,0,0,2,1,0,352,353,352
356,1,0,1,0,0,0,2,1,0,353,354,353
357,1,0,1,0,0,0,2,1,0,354,355,354
358,1,0,1,0,0,0,2,1,0,355,356,355
359,1,0,1,0,0,0,2,1,0,356,357,356
360,1,0,1,0,0,0,2,1,0,357,358,357
361,1,0,1,0,0,0,2,1,0,358,359,358
362,1,0,1,0,0,0,2,1,0,359,360,359
363,1,0,1,0,0,0,2,1,0,360,361,360
364,1,0,1,0,0,0,2,1,0,361,362,361
365,1,0,1,0,0,0,2,1,0,362,363,362
366,1,0,1,0,0,0,2,1,0,363,364,363
367,1,0,1,0,0,0,2,1,0,364,365,364
368,1,0,1,0,0,0,2,1,0,365,366,365
369,1,0,1,0,0,0,2,1,0,366,367,366
370,1,0,1,0,0,0,2,1,0,367,368,367
371,1,0,1,0,0,0,2,1,0,368,369,368
372,1,0,1,0,0,0,2,1,0,369,370,369
373,1,0,1,0,0,0,2,1,0,370,371,370
374,1,0,1,0,0,0,2,1,0,371,372,371
375,1,0,1,0,0,0,2,1,0,372,373,372
376,1,0,1,0,0,0,2,1,0,373,374,373
377,1,0,1,0,0,0,2,1,0,374,375,374
378,1,0,1,0,0,0,2,1,0,375,376,375
379,1,0,1,0,0,0,2,1,0,376,377,376
380,1,0,1,0,0,0,2,1,0,377,378,377
381,1,0,1,0,0,0,2,1,0,378,379,378
382,1,0,1,0,0,0,2,1,0,379,380,379
383,1,0,1,0,0,0,2,1,0,380,381,380
384,1,0,1,0,0,0,2,1,0,381,382,381
385,1,0,1,0,0,0,2,1,0,382,383,382
386,1,0,1,0,0,0,2,1,0,383,384,383
387,1,0,1,0,0,0,2,1,0,384,385,384
388,1,0,1,0,0,0,2,1,0,385,386,385
389,1,0,1,0,0,0,2,1,0,386,387,386
390,1,0,1,0,0,0,2,1,0,387,388,387
391,1,0,1,0,0,0,2,1,0,388,389,388
392,1,0,1,0,0,0,2,1,0,389,390,389
393,1,0,1,0,0,0,2,1,0,390,391,390
394,1,0,1,0,0,0,2,1,0,391,392,391
395,1,0,1,0,0,0,2,1,0,392,393,392
396,1,0,1,0,0,0,2,1,0,393,394,393
397,1,0,1,0,0,0,2,1,0,394,395,394
398,1,0,1,0,0,0,2,1,0,395,396,395
399,1,0,1,0,0,0,2,1,0,396,397,396
400,1,0,1,0,0,0,2,1,0,397,398,397
401,1,0,1,0,0,0,2,1,0,398,399,398
402,1,0,1,0,0,0,2,1,0,399,400,399
403,1,0,1,0,0,0,2,1,0,400,401,400
404,1,0,1,0,0,0,2,1,0,401,402,401
405,1,0,1,0,0,0,2,1,0,402,403,402
406,1,0,1,0,0,0,2,1,0,403,404,403
407,1,0,1,0,0,0,2,1,0,404,405,404
408,1,0,1,0,0,0,2,1,0,405,406,405
409,1,0,1,0,0,0,2,1,0,406,407,406
410,1,0,1,0,0,0,2,1,0,407,408,407
411,1,0,1,0,0,0,2,1,0,408,409,408
412,1,0,1,0,0,0,2,1,0,409,410,409
413,1,0,1,0,0,0,2,1,0,410,411,410
414,1,0,1,0,0,0,2,1,0,411,412,411
415,1,0,1,0,0,0,2,1,0,412,413,412
416,1,0,1,0,0,0,2,1,0,413,414,413
417,1,0,1,0,0,0,2,1,0,414,415,414
418,1,0,1,0,0,0,2,1,0,415,416,415
419,1,0,1,0,0,0,2,1,0,416,417,416
420,1,0,1,0,0,0,2,1,0,417,418,417
421,1,0,1,0,0,0,2,1,0,418,419,418
422,1,0,1,0,0,0,2,1,0,419,420,419
423,1,0,1,0,0,0,2,1,0,420,421,420
424,1,0,1,0,0,0,2,1,0,421,422,421
425,1,0,1,0,0,0,2,1,0,422,423,422
426,1,0,1,0,0,0,2,1,0,423,424,423
427,1,0,1,0,0,0,2,1,0,424,425,424
428,1,0,1,0,0,0,2,1,0,425,426,425
429,1,0,1,0,0,0,2,1,0,426,427,426
430,1,0,1,0,0,0,2,1,0,427,428,427
431,1,0,1,0,0,0,2,1,0,428,429,428
432,1,0,1,0,0,0,2,1,0,429,430,429
433,1,0,1,0,0,0,2,1,0,430,431,430
434,1,0,1,0,0,0,2,1,0,431,432,431
435,1,0,1,0,0,0,2,1,0,432,433,432
436,1,0,1,0,0,0,2,1,0,433,434,433
437,1,0,1,0,0,0,2,1,0,434,435,434
438,1,0,1,0,0,0,2,1,0,435,436,435
439,1,0,1,0,0,0,2,1,0,436,437,436
440,1,0,1,0,0,0,2,1,0,437,438,437
441,1,0,1,0,0,0,2,1,0,438,439,438
442,1,0,1,0,0,0,2,1,0,439,440,439
443,1,0,1,0,0,0,2,1,0,440,441,440
444,1,0,1,0,0,0,2,1,0,441,442,441
445,1,0,1,0,0,0,2,1,0,442,443,442
446,1,0,1,0,0,0,2,1,0,443,444,443
447,1,0,1,0,0,0,2,1,0,444,445,444
448,1,0,1,0,0,0,2,1,0,445,446,445
449,1,0,1,0,0,0,2,1,0,446,447,446
450,1,0,1,0,0,0,2,1,0,447,448,447
451,1,0,1,0,0,0,2,1,0,448,449,448
452,1,0,1,0,0,0,2,1,0,449,450,449
453,1,0,1,0,0,0,2,1,0,450,451,450
454,1,0,1,0,0,0,2,1,0,451,452,451
455,1,0,1,0,0,0,2,1,0,452,453,452
456,1,0,1,0,0,0,2,1,0,453,454,453
457,1,0,1,0,0,0,2,1,0,454,455,454
458,1,0,1,0,0,0,2,1,0,455,456,455
459,1,0,1,0,0,0,2,1,0,456,457,456
460,1,0,1,0,0,0,2,1,0,457,458,457
461,1,0,1,0,0,0,2,1,0,458,459,458
462,1,0,1,0,0,0,2,1,0,459,460,459
463,1,0,1,0,0,0,2,1,0,460,461,460
464,1,0,1,0,0,0,2,1,0,461,462,461
465,1,0,1,0,0,0,2,1,0,462,463,462
466,1,0,1,0,0,0,2,1,0,463,464,463
467,1,0,1,0,0,0,2,1,0,464,465,464
468,1,0,1,0,0,0,2,1,0,465,466,465
469,1,0,1,0,0,0,2,1,0,466,467,466
470,1,0,1,0,0,0,2,1,0,467,468,467
471,1,0,1,0,0,0,2,1,0,468,469,468
472,1,0,1,0,0,0,2,1,0,469,470,469
473,1,0,1,0,0,0,2,1,0,470,471,470
474,1,0,1,0,0,0,2,1,0,471,472,471
475,1,0,1,0,0,0,2,1,0,472,473,472
476,1,0,1,0,0,0,2,1,0,473,474,473
477,1,0,1,0,0,0,2,1,0,474,475,474
478,1,0,1,0,0,0,2,1,0,475,476,475
479,1,0,1,0,0,0,2,1,0,476,477,476
480,1,0,1,0,0,0,2,1,0,477,478,477
481,1,0,1,0,0,0,2,1,0,478,479,478
482,1,0,1,0,0,0,2,1,0,479,480,479
483,1,0,1,0,0,0,2,1,0,480,481,480
484,1,0,1,0,0,0,2,1,0,481,482,481
485,1,0,1,0,0,0,2,1,0,482,483,482
486,1,0,1,0,0,0,2,1,0,483,484,483
487,1,0,1,0,0,0,2,1,0,484,485,484
488,1,0,1,0,0,0,2,1,0,485,486,485
489,1,0,1,0,0,0,2,1,0,486,487,486
490,1,0,1,0,0,0,2,1,0,487,488,487
491,1,0,1,0,0,0,2,1,0,488,489,488
492,1,0,1,0,0,0,2,1,0,489,490,489
493,1,0,1,0,0,0,2,1,0,490,491,490
494,1,0,1,0,0,0,2,1,0,491,492,491
495,1,0,1,0,0,0,2,1,0,492,493,492
496,1,0,1,0,0,0,2,1,0,493,494,493
497,1,0,1,0,0,0,2,1,0,494,495,494
498,1,0,1,0,0,0,2,1,0,495,496,495
499,1,0,1,0,0,0,2,1,0,496,497,496
500,1,0,1,0,0,0,2,1,0,497,498,497
501,1,0,1,0,0,0,2,1,0,498,499,498
502,1,0,1,0,0,0,2,1,0,499,500,499
503,1,0,1,0,0,0,2,1,0,500,501,500
504,1,0,1,0,0,0,2,1,0,501,502,501
505,1,0,1,0,0,0,2,1,0,502,503,502
506,1,0,1,0,0,0,2,1,0,503,504,503
507,1,0,1,0,0,0,2,1,0,504,505,504
508,1,0,1,0,0,0,2,1,0,505,506,505
509,1,0,1,0,0,0,2,1,0,506,507,506
510,1,0,1,0,0,0,2,1,0,507,508,507
511,1,0,1,0,0,0,2,1,0,508,509,508
512,1,0,1,0,0,0,2,1,0,509,510,509
513,1,0,1,0,0,0,2,1,0,510,511,510
514,1,0,1,0,0,0,2,1,0,511,512,511
515,1,0,1,0,0,0,2,1,0,512,513,512
516,1,0,1,0,0,0,2,1,0,513,514,513
517,1,0,1,0,0,0,2,1,0,514,515,514
518,1,0,1,0,0,0,2,1,0,515,516,515
519,1,0,1,0,0,0,2,1,0,516,517,516
520,1,0,1,0,0,0,2,1,0,517,518,517
521,1,0,1,0,0,0,2,1,0,518,519,518
522,1,0,1,0,0,0,2,1,0,519,520,519
523,1,0,1,0,0,0,2,1,0,520,521,520
524,1,0,1,0,0,0,2,1,0,521,522,521
525,1,0,1,0,0,0,2,1,0,522,523,522
526,1,0,1,0,0,0,2,1,0,523,524,523
527,1,0,1,0,0,0,2,1,0,524,525,524
528,1,0,1,0,0,0,2,1,0,525,526,525
529,1,0,1,0,0,0,2,1,0,526,527,526
530,1,0,1,0,0,0,2,1,0,527,528,527
531,1,0,1,0,0,0,2,1,0,528,529,528
532,1,0,1,0,0,0,2,1,0,529,530,529
533,1,0,1,0,0,0,2,1,0,530,531,530
534,1,0,1,0,0,0,2,1,0,531,532,531
535,1,0,1,0,0,0,2,1,0,532,533,532
536,1,0,1,0,0,0,2,1,0,533,534,533
537,1,0,1,0,0,0,2,1,0,534,535,534
538,1,0,1,0,0,0,2,1,0,535,536,535
539,1,0,1,0,0,0,2,1,0,536,537,536
540,1,0,1,0,0,0,2,1,0,537,538,537
541,1,0,1,0,0,0,2,1,0,538,539,538
542,1,0,1,0,0,0,2,1,0,539,540,539
543,1,0,1,0,0,0,2,1,0,540,541,540
544,1,0,1,0,0,0,2,1,0,541,542,541
545,1,0,1,0,0,0,2,1,0,542,543,542
546,1,0,1,0,0,0,2,1,0,543,544,543
547,1,0,1,0,0,0,2,1,0,544,545,544
548,1,0,1,0,0,0,2,1,0,545,546,545
549,1,0,1,0,0,0,2,1,0,546,547,546
550,1,0,1,0,0,0,2,1,0,547,548,547
551,1,0,1,0,0,0,2,1,0,548,549,548
552,1,0,1,0,0,0,2,1,0,549,550,549
553,1,0,1,0,0,0,2,1,0,550,551,550
554,1,0,1,0,0,0,2,1,0,551,552,551
555,1,0,1,0,0,0,2,1,0,552,553,552
556,1,0,1,0,0,0,2,1,0,553,554,553
557,1,0,1,0,0,0,2,1,0,554,555,554
558,1,0,1,0,0,0,2,1,0,555,556,555
559,1,0,1,0,0,0,2,1,0,556,557,556
560,1,0,1,0,0,0,2,1,0,557,558,557
561,1,0,1,0,0,0,2,1,0,558,559,558
562,1,0,1,0,0,0,2,1,0,559,560,559
563,1,0,1,0,0,0,2,1,0,560,561,560
564,1,0,1,0,0,0,2,1,0,561,562,561
565,1,0,1,0,0,0,2,1,0,562,563,562
566,1,0,1,0,0,0,2,1,0,563,564,563
567,1,0,1,0,0,0,2,1,0,564,565,564
568,1,0,1,0,0,0,2,1,0,565,566,565
569,1,0,1,0,0,0,2,1,0,566,567,566
570,1,0,1,0,0,0,2,1,0,567,568,567
571,1,0,1,0,0,0,2,1,0,568,569,568
572,1,0,1,0,0,0,2,1,0,569,570,569
573,1,0,1,0,0,0,2,1,0,570,571,570
574,1,0,1,0,0,0,2,1,0,571,572,571
575,1,0,1,0,0,0,2,1,0,572,573,572
576,1,0,1,0,0,0,2,1,0,573,574,573
577,1,0,1,0,0,0,2,1,0,574,575,574
578,1,0,1,0,0,0,2,1,0,575,576,575
579,1,0,1,0,0,0,2,1,0,576,577,576
580,1,0,1,0,0,0,2,1,0,577,578,577
581,1,0,1,0,0,0,2,1,0,578,579,578
582,1,0,1,0,0,0,2,1,0,579,580,579
583,1,0,1,0,0,0,2,1,0,580,581,580
584,1,0,1,0,0,0,2,1,0,581,582,581
585,1,0,1,0,0,0,2,1,0,582,583,582
586,1,0,1,0,0,0,2,1,0,583,584,583
587,1,0,1,0,0,0,2,1,0,584,585,584
588,1,0,1,0,0,0,2,1,0,585,586,585
589,1,0,1,0,0,0,2,1,0,586,587,586
590,1,0,1,0,0,0,2,1,0,587,588,587
591,1,0,1,0,0,0,2,1,0,588,589,588
592,1,0,1,0,0,0,2,1,0,589,590,589
593,1,0,1,0,0,0,2,1,0,590,591,590
594,1,0,1,0,0,0,2,1,0,591,592,591
595,1,0,1,0,0,0,2,1,0,592,593,592
596,1,0,1,0,0,0,2,1,0,593,594,593
597,1,0,1,0,0,0,2,1,0,594,595,594
598,1,0,1,0,0,0,2,1,0,595,596,595
599,1,0,1,0,0,0,2,1,0,596,597,596
600,1,0,1,0,0,0,2,1,0,597,598,597
601,1,0,1,0,0,0,2,1,0,598,599,598
602,1,0,1,0,0,0,2,1,0,599,600,599
603,1,0,1,0,0,0,2,1,0,600,601,600
604,1,0,1,0,0,0,2,1,0,601,602,601
605,1,0,1,0,0,0,2,1,0,602,603,602
606,1,0,1,0,0,0,2,1,0,603,604,603
607,1,0,1,0,0,0,2,1,0,604,605,604
608,1,0,1,0,0,0,2,1,0,605,606,605
609,1,0,1,0,0,0,2,1,0,606,607,606
610,1,0,1,0,0,0,2,1,0,607,608,607
611,1,0,1,0,0,0,2,1,0,608,609,608
612,1,0,1,0,0,0,2,1,0,609,610,609
613,1,0,1,0,0,0,2,1,0,610,611,610
614,1,0,1,0,0,0,2,1,0,611,612,611
615,1,0,1,0,0,0,2,1,0,612,613,612
616,1,0,1,0,0,0,2,1,0,613,614,613
617,1,0,1,0,0,0,2,1,0,614,615,614
618,1,0,1,0,0,0,2,1,0,615,616,615
619,1,0,1,0,0,0,2,1,0,616,617,616
620,1,0,1,0,0,0,2,1,0,617,618,617
621,1,0,1,0,0,0,2,1,0,618,619,618
622,1,0,1,0,0,0,2,1,0,619,620,619
623,1,0,1,0,0,0,2,1,0,620,621,620
624,1,0,1,0,0,0,2,1,0,621,622,621
625,1,0,1,0,0,0,2,1,0,622,623,622
626,1,0,1,0,0,0,2,1,0,623,624,623
627,1,0,1,0,0,0,2,1,0,624,625,624
628,1,0,1,0,0,0,2,1,0,625,626,625
629,1,0,1,0,0,0,2,1,0,626,627,626
630,1,0,1,0,0,0,2,1,0,627,628,627
631,1,0,1,0,0,0,2,1,0,628,629,628
632,1,0,1,0,0,0,2,1,0,629,630,629
633,1,0,1,0,0,0,2,1,0,630,631,630
634,1,0,1,0,0,0,2,1,0,631,632,631
635,1,0,1,0,0,0,2,1,0,632,633,632
636,1,0,1,0,0,0,2,1,0,633,634,633
637,1,0,1,0,0,0,2,1,0,634,635,634
638,1,0,1,0,0,0,2,1,0,635,636,635
639,1,0,1,0,0,0,2,1,0,636,637,636
640,1,0,1,0,0,0,2,1,0,637,638,637
641,1,0,1,0,0,0,2,1,0,638,639,638
642,1,0,1,0,0,0,2,1,0,639,640,639
643,1,0,1,0,0,0,2,1,0,640,641,640
644,1,0,1,0,0,0,2,1,0,641,642,641
645,1,0,1,0,0,0,2,1,0,642,643,642
646,1,0,1,0,0,0,2,1,0,643,644,643
647,1,0,1,0,0,0,2,1,0,644,645,644
648,1,0,1,0,0,0,2,1,0,645,646,645
649,1,0,1,0,0,0,2,1,0,646,647,646
650,1,0,1,0,0,0,2,1,0,647,648,647
651,1,0,1,0,0,0,2,1,0,648,649,648
652,1,0,1,0,0,0,2,1,0,649,650,649
653,1,0,1,0,0,0,2,1,0,650,651,650
654,1,0,1,0,0,0,2,1,0,651,652,651
655,1,0,1,0,0,0,2,1,0,652,653,652
656,1,0,1,0,0,0,2,1,0,653,654,653
657,1,0,1,0,0,0,2,1,0,654,655,654
658,1,0,1,0,0,0,2,1,0,655,656,655
659,1,0,1,0,0,0,2,1,0,656,657,656
660,1,0,1,0,0,0,2,1,0,657,658,657
661,1,0,1,0,0,0,2,1,0,658,659,658
662,1,0,1,0,0,0,2,1,0,659,660,659
663,1,0,1,0,0,0,2,1,0,660,661,660
664,1,0,1,0,0,0,2,1,0,661,662,661
665,1,0,1,0,0,0,2,1,0,662,663,662
666,1,0,1,0,0,0,2,1,0,663,664,663
667,1,0,1,0,0,0,2,1,0,664,665,664
668,1,0,1,0,0,0,2,1,0,665,666,665
669,1,0,1,0,0,0,2,1,0,666,667,666
670,1,0,1,0,0,0,2,1,0,667,668,667
671,1,0,1,0,0,0,2,1,0,668,669,668
672,1,0,1,0,0,0,2,1,0,669,670,669
673,1,0,1,0,0,0,2,1,0,670,671,670
674,1,0,1,0,0,0,2,1,0,671,672,671
675,1,0,1,0,0,0,2,1,0,672,673,672
676,1,0,1,0,0,0,2,1,0,673,674,673
677,1,0,1,0,0,0,2,1,0,674,675,674
678,1,0,1,0,0,0,2,1,0,675,676,675
679,1,0,1,0,0,0,2,1,0,676,677,676
680,1,0,1,0,0,0,2,1,0,677,678,677
681,1,0,1,0,0,0,2,1,0,678,679,678
682,1,0,1,0,0,0,2,1,0,679,680,679
683,1,0,1,0,0,0,2,1,0,680,681,680
684,1,0,1,0,0,0,2,1,0,681,682,681
685,1,0,1,0,0,0,2,1,0,682,683,682
686,1,0,1,0,0,0,2,1,0,683,684,683
687,1,0,1,0,0,0,2,1,0,684,685,684
688,1,0,1,0,0,0,2,1,0,685,686,685
689,1,0,1,0,0,0,2,1,0,686,687,686
690,1,0,1,0,0,0,2,1,0,687,688,687
691,1,0,1,0,0,0,2,1,0,688,689,688
692,1,0,1,0,0,0,2,1,0,689,690,689
693,1,0,1,0,0,0,2,1,0,690,691,690
694,1,0,1,0,0,0,2,1,0,691,692,691
695,1,0,1,0,0,0,2,1,0,692,693,692
696,1,0,1,0,0,0,2,1,0,693,694,693
697,1,0,1,0,0,0,2,1,0,694,695,694
698,1,0,1,0,0,0,2,1,0,695,696,695
699,1,0,1,0,0,0,2,1,0,696,697,696
700,1,0,1,0,0,0,2,1,0,697,698,697
701,1,0,1,0,0,0,2,1,0,698,699,698
702,1,0,1,0,0,0,2,1,0,699,700,699
703,1,0,1,0,0,0,2,1,0,700,701,700
704,1,0,1,0,0,0,2,1,0,701,702,701
705,1,0,1,0,0,0,2,1,0,702,703,702
706,1,0,1,0,0,0,2,1,0,703,704,703
707,1,0,1,0,0,0,2,1,0,704,705,704
708,1,0,1,0,0,0,2,1,0,705,706,705
709,1,0,1,0,0,0,2,1,0,706,707,706
710,1,0,1,0,0,0,2,1,0,707,708,707
711,1,0,1,0,0,0,2,1,0,708,709,708
712,1,0,1,0,0,0,2,1,0,709,710,709
713,1,0,1,0,0,0,2,1,0,710,711,710
714,1,0,1,0,0,0,2,1,0,711,712,711
715,1,0,1,0,0,0,2,1,0,712,713,712
716,1,0,1,0,0,0,2,1,0,713,714,713
717,1,0,1,0,0,0,2,1,0,714,715,714
718,1,0,1,0,0,0,2,1,0,715,716,715
719,1,0,1,0,0,0,2,1,0,716,717,716
720,1,0,1,0,0,0,2,1,0,717,718,717
721,1,0,1,0,0,0,2,1,0,718,719,718
722,1,0,1,0,0,0,2,1,0,719,720,719
723,1,0,1,0,0,0,2,1,0,720,721,720
724,1,0,1,0,0,0,2,1,0,721,722,721
725,1,0,1,0,0,0,2,1,0,722,723,722
726,1,0,1,0,0,0,2,1,0,723,724,723
727,1,0,1,0,0,0,2,1,0,724,725,724
728,1,0,1,0,0,0,2,1,0,725,726,725
729,1,0,1,0,0,0,2,1,0,726,727,726
730,1,0,1,0,0,0,2,1,0,727,728,727
731,1,0,1,0,0,0,2,1,0,728,729,728
732,1,0,1,0,0,0,2,1,0,729,730,729
733,1,0,1,0,0,0,2,1,0,730,731,730
734,1,0,1,0,0,0,2,1,0,731,732,731
735,1,0,1,0,0,0,2,1,0,732,733,732
736,1,0,1,0,0,0,2,1,0,733,734,733
737,1,0,1,0,0,0,2,1,0,734,735,734
738,1,0,1,0,0,0,2,1,0,735,736,735
739,1,0,1,0,0,0,2,1,0,736,737,736
740,1,0,1,0,0,0,2,1,0,737,738,737
741,1,0,1,0,0,0,2,1,0,738,739,738
742,1,0,1,0,0,0,2,1,0,739,740,739
743,1,0,1,0,0,0,2,1,0,740,741,740
744,1,0,1,0,0,0,2,1,0,741,742,741
745,1,0,1,0,0,0,2,1,0,742,743,742
746,1,0,1,0,0,0,2,1,0,743,744,743
747,1,0,1,0,0,0,2,1,0,744,745,744
748,1,0,1,0,0,0,2,1,0,745,746,745
749,1,0,1,0,0,0,2,1,0,746,747,746
750,1,0,1,0,0,0,2,1,0,747,748,747
751,1,0,1,0,0,0,2,1,0,748,749,748
752,1,0,1,0,0,0,2,1,0,749,750,749
753,1,0,1,0,0,0,2,1,0,750,751,750
754,1,0,1,0,0,0,2,1,0,751,752,751
755,1,0,1,0,0,0,2,1,0,752,753,752
756,1,0,1,0,0,0,2,1,0,753,754,753
757,1,0,1,0,0,0,2,1,0,754,755,754
758,1,0,1,0,0,0,2,1,0,755,756,755
759,1,0,1,0,0,0,2,1,0,756,757,756
760,1,0,1,0,0,0,2,1,0,757,758,757
761,1,0,1,0,0,0,2,1,0,758,759,758
762,1,0,1,0,0,0,2,1,0,759,760,759
763,1,0,1,0,0,0,2,1,0,760,761,760
764,1,0,1,0,0,0,2,1,0,761,762,761
765,1,0,1,0,0,0,2,1,0,762,763,762
766,1,0,1,0,0,0,2,1,0,763,764,763
767,1,0,1,0,0,0,2,1,0,764,765,764
768,1,0,1,0,0,0,2,1,0,765,766,765
769,1,0,1,0,0,0,2,1,0,766,767,766
770,1,0,1,0,0,0,2,1,0,767,768,767
771,1,0,1,0,0,0,2,1,0,768,769,768
772,1,0,1,0,0,0,2,1,0,769,770,769
773,1,0,1,0,0,0,2,1,0,770,771,770
774,1,0,1,0,0,0,2,1,0,771,772,771
775,1,0,1,0,0,0,2,1,0,772,773,772
776,1,0,1,0,0,0,2,1,0,773,774,773
777,1,0,1,0,0,0,2,1,0,774,775,774
778,1,0,1,0,0,0,2,1,0,775,776,775
779,1,0,1,0,0,0,2,1,0,776,777,776
780,1,0,1,0,0,0,2,1,0,777,778,777
781,1,0,1,0,0,0,2,1,0,778,779,778
782,1,0,1,0,0,0,2,1,0,779,780,779
783,1,0,1,0,0,0,2,1,0,780,781,780
784,1,0,1,0,0,0,2,1,0,781,782,781
785,1,0,1,0,0,0,2,1,0,782,783,782
786,1,0,1,0,0,0,2,1,0,783,784,783
787,1,0,1,0,0,0,2,1,0,784,785,784
788,1,0,1,0,0,0,2,1,0,785,786,785
789,1,0,1,0,0,0,2,1,0,786,787,786
790,1,0,1,0,0,0,2,1,0,787,788,787
791,1,0,1,0,0,0,2,1,0,788,789,788
792,1,0,1,0,0,0,2,1,0,789,790,789
793,1,0,1,0,0,0,2,1,0,790,791,790
794,1,0,1,0,0,0,2,1,0,791,792,791
795,1,0,1,0,0,0,2,1,0,792,793,792
796,1,0,1,0,0,0,2,1,0,793,794,793
797,1,0,1,0,0,0,2,1,0,794,795,794
798,1,0,1,0,0,0,2,1,0,795,796,795
799,1,0,1,0,0,0,2,1,0,796,797,796
800,1,0,1,0,0,0,2,1,0,797,798,797
801,1,0,1,0,0,0,2,1,0,798,799,798
802,1,0,1,0,0,0,2,1,0,799,800,799
803,1,0,1,0,0,0,2,1,0,800,801,800
804,1,0,1,0,0,0,2,1,0,801,802,801
805,1,0,1,0,0,0,2,1,0,802,803,802
806,1,0,1,0,0,0,2,1,0,803,804,803
807,1,0,1,0,0,0,2,1,0,804,805,804
808,1,0,1,0,0,0,2,1,0,805,806,805
809,1,0,1,0,0,0,2,1,0,806,807,806
810,1,0,1,0,0,0,2,1,0,807,808,807
811,1,0,1,0,0,0,2,1,0,808,809,808
812,1,0,1,0,0,0,2,1,0,809,810,809
813,1,0,1,0,0,0,2,1,0,810,811,810
814,1,0,1,0,0,0,2,1,0,811,812,811
815,1,0,1,0,0,0,2,1,0,812,813,812
816,1,0,1,0,0,0,2,1,0,813,814,813
817,1,0,1,0,0,0,2,1,0,814,815,814
818,1,0,1,0,0,0,2,1,0,815,816,815
819,1,0,1,0,0,0,2,1,0,816,817,816
820,1,0,1,0,0,0,2,1,0,817,818,817
821,1,0,1,0,0,0,2,1,0,818,819,818
822,1,0,1,0,0,0,2,1,0,819,820,819
823,1,0,1,0,0,0,2,1,0,820,821,820
824,1,0,1,0,0,0,2,1,0,821,822,821
825,1,0,1,0,0,0,2,1,0,822,823,822
826,1,0,1,0,0,0,2,1,0,823,824,823
827,1,0,1,0,0,0,2,1,0,824,825,824
828,1,0,1,0,0,0,2,1,0,825,826,825
829,1,0,1,0,0,0,2,1,0,826,827,826
830,1,0,1,0,0,0,2,1,0,827,828,827
831,1,0,1,0,0,0,2,1,0,828,829,828
832,1,0,1,0,0,0,2,1,0,829,830,829
833,1,0,1,0,0,0,2,1,0,830,831,830
834,1,0,1,0,0,0,2,1,0,831,832,831
835,1,0,1,0,0,0,2,1,0,832,833,832
836,1,0,1,0,0,0,2,1,0,833,834,833
837,1,0,1,0,0,0,2,1,0,834,835,834
838,1,0,1,0,0,0,2,1,0,835,836,835
839,1,0,1,0,0,0,2,1,0,836,837,836
840,1,0,1,0,0,0,2,1,0,837,838,837
841,1,0,1,0,0,0,2,1,0,838,839,838
842,1,0,1,0,0,0,2,1,0,839,840,839
843,1,0,1,0,0,0,2,1,0,840,841,840
844,1,0,1,0,0,0,2,1,0,841,842,841
845,1,0,1,0,0,0,2,1,0,842,843,842
846,1,0,1,0,0,0,2,1,0,843,844,843
847,1,0,1,0,0,0,2,1,0,844,845,844
848,1,0,1,0,0,0,2,1,0,845,846,845
849,1,0,1,0,0,0,2,1,0,846,847,846
850,1,0,1,0,0,0,2,1,0,847,848,847
851,1,0,1,0,0,0,2,1,0,848,849,848
852,1,0,1,0,0,0,2,1,0,849,850,849
853,1,0,1,0,0,0,2,1,0,850,851,850
854,1,0,1,0,0,0,2,1,0,851,852,851
855,1,0,1,0,0,0,2,1,0,852,853,852
856,1,0,1,0,0,0,2,1,0,853,854,853
857,1,0,1,0,0,0,2,1,0,854,855,854
858,1,0,1,0,0,0,2,1,0,855,856,855
859,1,0,1,0,0,0,2,1,0,856,857,856
860,1,0,1,0,0,0,2,1,0,857,858,857
861,1,0,1,0,0,0,2,1,0,858,859,858
862,1,0,1,0,0,0,2,1,0,859,860,859
863,1,0,1,0,0,0,2,1,0,860,861,860
864,1,0,1,0,0,0,2,1,0,861,862,861
865,1,0,1,0,0,0,2,1,0,862,863,862
866,1,0,1,0,0,0,2,1,0,863,864,863
867,1,0,1,0,0,0,2,1,0,864,865,864
868,1,0,1,0,0,0,2,1,0,865,866,865
869,1,0,1,0,0,0,2,1,0,866,867,866
870,1,0,1,0,0,0,2,1,0,867,868,867
871,1,0,1,0,0,0,2,1,0,868,869,868
872,1,0,1,0,0,0,2,1,0,869,870,869
873,1,0,1,0,0,0,2,1,0,870,871,870
874,1,0,1,0,0,0,2,1,0,871,872,871
875,1,0,1,0,0,0,2,1,0,872,873,872
876,1,0,1,0,0,0,2,1,0,873,874,873
877,1,0,1,0,0,0,2,1,0,874,875,874
878,1,0,1,0,0,0,2,1,0,875,876,875
879,1,0,1,0,0,0,2,1,0,876,877,876
880,1,0,1,0,0,0,2,1,0,877,878,877
881,1,0,1,0,0,0,2,1,0,878,879,878
882,1,0,1,0,0,0,2,1,0,879,880,879
883,1,0,1,0,0,0,2,1,0,880,881,880
884,1,0,1,0,0,0,2,1,0,881,882,881
885,1,0,1,0,0,0,2,1,0,882,883,882
886,1,0,1,0,0,0,2,1,0,883,884,883
887,1,0,1,0,0,0,2,1,0,884,885,884
888,1,0,1,0,0,0,2,1,0,885,886,885
889,1,0,1,0,0,0,2,1,0,886,887,886
890,1,0,1,0,0,0,2,1,0,887,888,887
891,1,0,1,0,0,0,2,1,0,888,889,888
892,1,0,1,0,0,0,2,1,0,889,890,889
893,1,0,1,0,0,0,2,1,0,890,891,890
894,1,0,1,0,0,0,2,1,0,891,892,891
895,1,0,1,0,0,0,2,1,0,892,893,892
896,1,0,1,0,0,0,2,1,0,893,894,893
897,1,0,1,0,0,0,2,1,0,894,895,894
898,1,0,1,0,0,0,2,1,0,895,896,895
899,1,0,1,0,0,0,2,1,0,896,897,896
900,1,0,1,0,0,0,2,1,0,897,898,897
901,1,0,1,0,0,0,2,1,0,898,899,898
902,1,0,1,0,0,0,2,1,0,899,900,899
903,1,0,1,0,0,0,2,1,0,900,901,900
904,1,0,1,0,0,0,2,1,0,901,902,901
905,1,0,1,0,0,0,2,1,0,902,903,902
906,1,0,1,0,0,0,2,1,0,903,904,903
907,1,0,1,0,0,0,2,1,0,904,905,904
908,1,0,1,0,0,0,2,1,0,905,906,905
909,1,0,1,0,0,0,2,1,0,906,907,906
910,1,0,1,0,0,0,2,1,0,907,908,907
911,1,0,1,0,0,0,2,1,0,908,909,908
912,1,0,1,0,0,0,2,1,0,909,910,909
913,1,0,1,0,0,0,2,1,0,910,911,910
914,1,0,1,0,0,0,2,1,0,911,912,911
915,1,0,1,0,0,0,2,1,0,912,913,912
916,1,0,1,0,0,0,2,1,0,913,914,913
917,1,0,1,0,0,0,2,1,0,914,915,914
918,1,0,1,0,0,0,2,1,0,915,916,915
919,1,0,1,0,0,0,2,1,0,916,917,916
920,1,0,1,0,0,0,2,1,0,917,918,917
921,1,0,1,0,0,0,2,1,0,918,919,918
922,1,0,1,0,0,0,2,1,0,919,920,919
923,1,0,1,0,0,0,2,1,0,920,921,920
924,1,0,1,0,0,0,2,1,0,921,922,921
925,1,0,1,0,0,0,2,1,0,922,923,922
926,1,0,1,0,0,0,2,1,0,923,924,923
927,1,0,1,0,0,0,2,1,0,924,925,924
928,1,0,1,0,0,0,2,1,0,925,926,925
929,1,0,1,0,0,0,2,1,0,926,927,926
930,1,0,1,0,0,0,2,1,0,927,928,927
931,1,0,1,0,0,0,2,1,0,928,929,928
932,1,0,1,0,0,0,2,1,0,929,930,929
933,1,0,1,0,0,0,2,1,0,930,931,930
934,1,0,1,0,0,0,2,1,0,931,932,931
935,1,0,1,0,0,0,2,1,0,932,933,932
936,1,0,1,0,0,0,2,1,0,933,934,933
937,1,0,1,0,0,0,2,1,0,934,935,934
938,1,0,1,0,0,0,2,1,0,935,936,935
939,1,0,1,0,0,0,2,1,0,936,937,936
940,1,0,1,0,0,0,2,1,0,937,938,937
941,1,0,1,0,0,0,2,1,0,938,939,938
942,1,0,1,0,0,0,2,1,0,939,940,939
943,1,0,1,0,0,0,2,1,0,940,941,940
944,1,0,1,0,0,0,2,1,0,941,942,941
945,1,0,1,0,0,0,2,1,0,942,943,942
946,1,0,1,0,0,0,2,1,0,943,944,943
947,1,0,1,0,0,0,2,1,0,944,945,944
948,1,0,1,0,0,0,2,1,0,945,946,945
949,1,0,1,0,0,0,2,1,0,946,947,946
950,1,0,1,0,0,0,2,1,0,947,948,947
951,1,0,1,0,0,0,2,1,0,948,949,948
952,1,0,1,0,0,0,2,1,0,949,950,949
953,1,0,1,0,0,0,2,1,0,950,951,950
954,1,0,1,0,0,0,2,1,0,951,952,951
955,1,0,1,0,0,0,2,1,0,952,953,952
956,1,0,1,0,0,0,2,1,0,953,954,953
957,1,0,1,0,0,0,2,1,0,954,955,954
958,1,0,1,0,0,0,2,1,0,955,956,955
959,1,0,1,0,0,0,2,1,0,956,957,956
960,1,0,1,0,0,0,2,1,0,957,958,957
961,1,0,1,0,0,0,2,1,0,958,959,958
962,1,0,1,0,0,0,2,1,0,959,960,959
963,1,0,1,0,0,0,2,1,0,960,961,960
964,1,0,1,0,0,0,2,1,0,961,962,961
965,1,0,1,0,0,0,2,1,0,962,963,962
966,1,0,1,0,0,0,2,1,0,963,964,963
967,1,0,1,0,0,0,2,1,0,964,965,964
968,1,0,1,0,0,0,2,1,0,965,966,965
969,1,0,1,0,0,0,2,1,0,966,967,966
970,1,0,1,0,0,0,2,1,0,967,968,967
971,1,0,1,0,0,0,2,1,0,968,969,968
972,1,0,1,0,0,0,2,1,0,969,970,969
973,1,0,1,0,0,0,2,1,0,970,971,970
974,1,0,1,0,0,0,2,1,0,971,972,971
975,1,0,1,0,0,0,2,1,0,972,973,972
976,1,0,1,0,0,0,2,1,0,973,974,973
977,1,0,1,0,0,0,2,1,0,974,975,974
978,1,0,1,0,0,0,2,1,0,975,976,975
979,1,0,1,0,0,0,2,1,0,976,977,976
980,1,0,1,0,0,0,2,1,0,977,978,977
981,1,0,1,0,0,0,2,1,0,978,979,978
982,1,0,1,0,0,0,2,1,0,979,980,979
983,1,0,1,0,0,0,2,1,0,980,981,980
984,1,0,1,0,0,0,2,1,0,981,982,981
985,1,0,1,0,0,0,2,1,0,982,983,982
986,1,0,1,0,0,0,2,1,0,983,984,983
987,1,0,1,0,0,0,2,1,0,984,985,984
988,1,0,1,0,0,0,2,1,0,985,986,985
989,1,0,1,0,0,0,2,1,0,986,987,986
990,1,0,1,0,0,0,2,1,0,987,988,987
991,1,0,1,0,0,0,2,1,0,988,989,988
992,1,0,1,0,0,0,2,1,0,989,990,989
993,1,0,1,0,0,0,2,1,0,990,991,990
994,1,0,1,0,0,0,2,1,0,991,992,991
995,1,0,1,0,0,0,2,1,0,992,993,992
996,1,0,1,0,0,0,2,1,0,993,994,993
997,1,0,1,0,0,0,2,1,0,994,995,994
998,1,0,1,0,0,0,2,1,0,995,996,995
999,1,0,1,0,0,0,2,1,0,996,997,996
1000,1,0,1,0,0,0,2,1,0,997,998,997
1001,1,0,1,0,0,0,2,1,0,998,999,998
1002,1,0,1,0,0,0,2,1,0,999,1000,999
1003,1,0,1,0,0,0,2,1,0,1000,1001,1000
1004,1,0,1,0,0,0,2,1,0,1001,1002,1001
1005,1,0,1,0,0,0,2,1,0,1002,1003,1002
1006,1,0,1,0,0,0,2,1,0,1003,1004,1003
1007,1,0,1,0,0,0,2,1,0,1004,1005,1004
1008,1,0,1,0,0,0,2,1,0,1005,1006,1005
1009,1,0,1,0,0,0,2,1,0,1006,1007,1006
1010,1,0,1,0,0,0,2,1,0,1007,1008,1007
1011,1,0,1,0,0,0,2,1,0,1008,1009,1008
1012,1,0,1,0,0,0,2,1,0,1009,1010,1009
1013,1,0,1,0,0,0,2,1,0,1010,1011,1010
1014,1,0,1,0,0,0,2,1,0,1011,1012,1011
1015,1,0,1,0,0,0,2,1,0,1012,1013,1012
1016,1,0,1,0,0,0,2,1,0,1013,1014,1013
1017,1,0,1,0,0,0,2,1,0,1014,1015,1014
1018,1,0,1,0,0,0,2,1,0,1015,1016,1015
1019,1,0,1,0,0,0,2,1,0,1016,1017,1016
1020,1,0,1,0,0,0,2,1,0,1017,1018,1017
1021,1,0,1,0,0,0,2,1,0,1018,1019,1018
1022,1,0,1,0,0,0,2,1,0,1019,1020,1019
1023,1,0,1,0,0,0,2,1,0,1020,1021,1020
1024,1,0,1,0,0,0,2,1,0,1021,1022,1021
1025,1,0,1,0,0,0,2,1,0,1022,1023,1022
1026,1,0,1,0,0,0,2,1,0,1023,1024,1023
1027,1,0,1,0,0,0,2,0,1,1024,1025,0
1028,1,0,0,1,0,0,3,0,0,1024,1026,0
1029,2,0,0,0,0,0,0,0,0,1024,1026,0
1030,2,0,0,0,0,0,0,0,0,1024,1026,0
1031,2,0,0,0,0,0,0,0,0,1024,1026,0
1032,2,0,0,0,0,0,0,0,0,1024,1026,0
1033,2,0,0,0,0,0,0,0,0,1024,1026,0
1034,2,0,0,0,0,0,0,0,0,1024,1026,0
1035,2,0,0,0,0,0,0,0,0,1024,1026,0
1036,2,0,0,0,0,0,0,0,0,1024,1026,0
1037,2,1,0,0,0,0,0,0,0,1024,1026,0
1038,2,0,1,0,0,0,1,0,0,1024,0,0
1039,2,0,1,0,0,0,2,1,0,0,1,0
1040,2,0,1,0,0,0,2,1,0,1,2,1
1041,2,0,1,0,0,0,2,1,0,2,3,2
1042,2,0,1,0,0,0,2,1,0,3,4,3
1043,2,0,1,0,0,0,2,1,0,4,5,4
1044,2,0,1,0,0,0,2,1,0,5,6,5
1045,2,0,1,0,0,0,2,1,0,6,7,6
1046,2,0,1,0,0,0,2,1,0,7,8,7
1047,2,0,1,0,0,0,2,1,0,8,9,8
1048,2,0,1,0,0,0,2,1,0,9,10,9
1049,2,0,1,0,0,0,2,1,0,10,11,10
1050,2,0,1,0,0,0,2,1,0,11,12,11
1051,2,0,1,0,0,0,2,1,0,12,13,12
1052,2,0,1,0,0,0,2,1,0,13,14,13
1053,2,0,1,0,0,0,2,1,0,14,15,14
1054,2,0,1,0,0,0,2,1,0,15,16,15
1055,2,0,1,0,0,0,2,1,0,16,17,16
1056,2,0,1,0,0,0,2,1,0,17,18,17
1057,2,0,1,0,0,0,2,1,0,18,19,18
1058,2,0,1,0,0,0,2,1,0,19,20,19
1059,2,0,1,0,0,0,2,1,0,20,21,20
1060,2,0,1,0,0,0,2,1,0,21,22,21
1061,2,0,1,0,0,0,2,1,0,22,23,22
1062,2,0,1,0,0,0,2,1,0,23,24,23
1063,2,0,1,0,0,0,2,1,0,24,25,24
1064,2,0,1,0,0,0,2,1,0,25,26,25
1065,2,0,1,0,0,0,2,1,0,26,27,26
1066,2,0,1,0,0,0,2,1,0,27,28,27
1067,2,0,1,0,0,0,2,1,0,28,29,28
1068,2,0,1,0,0,0,2,1,0,29,30,29
1069,2,0,1,0,0,0,2,1,0,30,31,30
1070,2,0,1,0,0,0,2,1,0,31,32,31
1071,2,0,1,0,0,0,2,1,0,32,33,32
1072,2,0,1,0,0,0,2,1,0,33,34,33
1073,2,0,1,0,0,0,2,1,0,34,35,34
1074,2,0,1,0,0,0,2,1,0,35,36,35
1075,2,0,1,0,0,0,2,1,0,36,37,36
1076,2,0,1,0,0,0,2,1,0,37,38,37
1077,2,0,1,0,0,0,2,1,0,38,39,38
1078,2,0,1,0,0,0,2,1,0,39,40,39
1079,2,0,1,0,0,0,2,1,0,40,41,40
1080,2,0,1,0,0,0,2,1,0,41,42,41
1081,2,0,1,0,0,0,2,1,0,42,43,42
1082,2,0,1,0,0,0,2,1,0,43,44,43
1083,2,0,1,0,0,0,2,1,0,44,45,44
1084,2,0,1,0,0,0,2,1,0,45,46,45
1085,2,0,1,0,0,0,2,1,0,46,47,46
1086,2,0,1,0,0,0,2,1,0,47,48,47
1087,2,0,1,0,0,0,2,1,0,48,49,48
1088,2,0,1,0,0,0,2,1,0,49,50,49
1089,2,0,1,0,0,0,2,1,0,50,51,50
1090,2,0,1,0,0,0,2,1,0,51,52,51
1091,2,0,1,0,0,0,2,1,0,52,53,52
1092,2,0,1,0,0,0,2,1,0,53,54,53
1093,2,0,1,0,0,0,2,1,0,54,55,54
1094,2,0,1,0,0,0,2,1,0,55,56,55
1095,2,0,1,0,0,0,2,1,0,56,57,56
1096,2,0,1,0,0,0,2,1,0,57,58,57
1097,2,0,1,0,0,0,2,1,0,58,59,58
1098,2,0,1,0,0,0,2,1,0,59,60,59
1099,2,0,1,0,0,0,2,1,0,60,61,60
1100,2,0,1,0,0,0,2,1,0,61,62,61
1101,2,0,1,0,0,0,2,1,0,62,63,62
1102,2,0,1,0,0,0,2,1,0,63,64,63
1103,2,0,1,0,0,0,2,1,0,64,65,64
1104,2,0,1,0,0,0,2,1,0,65,66,65
1105,2,0,1,0,0,0,2,1,0,66,67,66
1106,2,0,1,0,0,0,2,1,0,67,68,67
1107,2,0,1,0,0,0,2,1,0,68,69,68
1108,2,0,1,0,0,0,2,1,0,69,70,69
1109,2,0,1,0,0,0,2,1,0,70,71,70
1110,2,0,1,0,0,0,2,1,0,71,72,71
1111,2,0,1,0,0,0,2,1,0,72,73,72
1112,2,0,1,0,0,0,2,1,0,73,74,73
1113,2,0,1,0,0,0,2,1,0,74,75,74
1114,2,0,1,0,0,0,2,1,0,75,76,75
1115,2,0,1,0,0,0,2,1,0,76,77,76
1116,2,0,1,0,0,0,2,1,0,77,78,77
1117,2,0,1,0,0,0,2,1,0,78,79,78
1118,2,0,1,0,0,0,2,1,0,79,80,79
1119,2,0,1,0,0,0,2,1,0,80,81,80
1120,2,0,1,0,0,0,2,1,0,81,82,81
1121,2,0,1,0,0,0,2,1,0,82,83,82
1122,2,0,1,0,0,0,2,1,0,83,84,83
1123,2,0,1,0,0,0,2,1,0,84,85,84
1124,2,0,1,0,0,0,2,1,0,85,86,85
1125,2,0,1,0,0,0,2,1,0,86,87,86
1126,2,0,1,0,0,0,2,1,0,87,88,87
1127,2,0,1,0,0,0,2,1,0,88,89,88
1128,2,0,1,0,0,0,2,1,0,89,90,89
1129,2,0,1,0,0,0,2,1,0,90,91,90
1130,2,0,1,0,0,0,2,1,0,91,92,91
1131,2,0,1,0,0,0,2,1,0,92,93,92
1132,2,0,1,0,0,0,2,1,0,93,94,93
1133,2,0,1,0,0,0,2,1,0,94,95,94
1134,2,0,1,0,0,0,2,1,0,95,96,95
1135,2,0,1,0,0,0,2,1,0,96,97,96
1136,2,0,1,0,0,0,2,1,0,97,98,97
1137,2,0,1,0,0,0,2,1,0,98,99,98
1138,2,0,1,0,0,0,2,1,0,99,100,99
1139,2,0,1,0,0,0,2,1,0,100,101,100
1140,2,0,1,0,0,0,2,1,0,101,102,101
1141,2,0,1,0,0,0,2,1,0,102,103,102
1142,2,0,1,0,0,0,2,1,0,103,104,103
1143,2,0,1,0,0,0,2,1,0,104,105,104
1144,2,0,1,0,0,0,2,1,0,105,106,105
1145,2,0,1,0,0,0,2,1,0,106,107,106
1146,2,0,1,0,0,0,2,1,0,107,108,107
1147,2,0,1,0,0,0,2,1,0,108,109,108
1148,2,0,1,0,0,0,2,1,0,109,110,109
1149,2,0,1,0,0,0,2,1,0,110,111,110
1150,2,0,1,0,0,0,2,1,0,111,112,111
1151,2,0,1,0,0,0,2,1,0,112,113,112
1152,2,0,1,0,0,0,2,1,0,113,114,113
1153,2,0,1,0,0,0,2,1,0,114,115,114
1154,2,0,1,0,0,0,2,1,0,115,116,115
1155,2,0,1,0,0,0,2,1,0,116,117,116
1156,2,0,1,0,0,0,2,1,0,117,118,117
1157,2,0,1,0,0,0,2,1,0,118,119,118
1158,2,0,1,0,0,0,2,1,0,119,120,119
1159,2,0,1,0,0,0,2,1,0,120,121,120
1160,2,0,1,0,0,0,2,1,0,121,122,121
1161,2,0,1,0,0,0,2,1,0,122,123,122
1162,2,0,1,0,0,0,2,1,0,123,124,123
1163,2,0,1,0,0,0,2,1,0,124,125,124
1164,2,0,1,0,0,0,2,1,0,125,126,125
1165,2,0,1,0,0,0,2,1,0,126,127,126
1166,2,0,1,0,0,0,2,1,0,127,128,127
1167,2,0,1,0,0,0,2,1,0,128,129,128
1168,2,0,1,0,0,0,2,1,0,129,130,129
1169,2,0,1,0,0,0,2,1,0,130,131,130
1170,2,0,1,0,0,0,2,1,0,131,132,131
1171,2,0,1,0,0,0,2,1,0,132,133,132
1172,2,0,1,0,0,0,2,1,0,133,134,133
1173,2,0,1,0,0,0,2,1,0,134,135,134
1174,2,0,1,0,0,0,2,1,0,135,136,135
1175,2,0,1,0,0,0,2,1,0,136,137,136
1176,2,0,1,0,0,0,2,1,0,137,138,137
1177,2,0,1,0,0,0,2,1,0,138,139,138
1178,2,0,1,0,0,0,2,1,0,139,140,139
1179,2,0,1,0,0,0,2,1,0,140,141,140
1180,2,0,1,0,0,0,2,1,0,141,142,141
1181,2,0,1,0,0,0,2,1,0,142,143,142
1182,2,0,1,0,0,0,2,1,0,143,144,143
1183,2,0,1,0,0,0,2,1,0,144,145,144
1184,2,0,1,0,0,0,2,1,0,145,146,145
1185,2,0,1,0,0,0,2,1,0,146,147,146
1186,2,0,1,0,0,0,2,1,0,147,148,147
1187,2,0,1,0,0,0,2,1,0,148,149,148
1188,2,0,1,0,0,0,2,1,0,149,150,149
1189,2,0,1,0,0,0,2,1,0,150,151,150
1190,2,0,1,0,0,0,2,1,0,151,152,151
1191,2,0,1,0,0,0,2,1,0,152,153,152
1192,2,0,1,0,0,0,2,1,0,153,154,153
1193,2,0,1,0,0,0,2,1,0,154,155,154
1194,2,0,1,0,0,0,2,1,0,155,156,155
1195,2,0,1,0,0,0,2,1,0,156,157,156
1196,2,0,1,0,0,0,2,1,0,157,158,157
1197,2,0,1,0,0,0,2,1,0,158,159,158
1198,2,0,1,0,0,0,2,1,0,159,160,159
1199,2,0,1,0,0,0,2,1,0,160,161,160
1200,2,0,1,0,0,0,2,1,0,161,162,161
1201,2,0,1,0,0,0,2,1,0,162,163,162
1202,2,0,1,0,0,0,2,1,0,163,164,163
1203,2,0,1,0,0,0,2,1,0,164,165,164
1204,2,0,1,0,0,0,2,1,0,165,166,165
1205,2,0,1,0,0,0,2,1,0,166,167,166
1206,2,0,1,0,0,0,2,1,0,167,168,167
1207,2,0,1,0,0,0,2,1,0,168,169,168
1208,2,0,1,0,0,0,2,1,0,169,170,169
1209,2,0,1,0,0,0,2,1,0,170,171,170
1210,2,0,1,0,0,0,2,1,0,171,172,171
1211,2,0,1,0,0,0,2,1,0,172,173,172
1212,2,0,1,0,0,0,2,1,0,173,174,173
1213,2,0,1,0,0,0,2,1,0,174,175,174
1214,2,0,1,0,0,0,2,1,0,175,176,175
1215,2,0,1,0,0,0,2,1,0,176,177,176
1216,2,0,1,0,0,0,2,1,0,177,178,177
1217,2,0,1,0,0,0,2,1,0,178,179,178
1218,2,0,1,0,0,0,2,1,0,179,180,179
1219,2,0,1,0,0,0,2,1,0,180,181,180
1220,2,0,1,0,0,0,2,1,0,181,182,181
1221,2,0,1,0,0,0,2,1,0,182,183,182
1222,2,0,1,0,0,0,2,1,0,183,184,183
1223,2,0,1,0,0,0,2,1,0,184,185,184
1224,2,0,1,0,0,0,2,1,0,185,186,185
1225,2,0,1,0,0,0,2,1,0,186,187,186
1226,2,0,1,0,0,0,2,1,0,187,188,187
1227,2,0,1,0,0,0,2,1,0,188,189,188
1228,2,0,1,0,0,0,2,1,0,189,190,189
1229,2,0,1,0,0,0,2,1,0,190,191,190
1230,2,0,1,0,0,0,2,1,0,191,192,191
1231,2,0,1,0,0,0,2,1,0,192,193,192
1232,2,0,1,0,0,0,2,1,0,193,194,193
1233,2,0,1,0,0,0,2,1,0,194,195,194
1234,2,0,1,0,0,0,2,1,0,195,196,195
1235,2,0,1,0,0,0,2,1,0,196,197,196
1236,2,0,1,0,0,0,2,1,0,197,198,197
1237,2,0,1,0,0,0,2,1,0,198,199,198
1238,2,0,1,0,0,0,2,1,0,199,200,199
1239,2,0,1,0,0,0,2,1,0,200,201,200
1240,2,0,1,0,0,0,2,1,0,201,202,201
1241,2,0,1,0,0,0,2,1,0,202,203,202
1242,2,0,1,0,0,0,2,1,0,203,204,203
1243,2,0,1,0,0,0,2,1,0,204,205,204
1244,2,0,1,0,0,0,2,1,0,205,206,205
1245,2,0,1,0,0,0,2,1,0,206,207,206
1246,2,0,1,0,0,0,2,1,0,207,208,207
1247,2,0,1,0,0,0,2,1,0,208,209,208
1248,2,0,1,0,0,0,2,1,0,209,210,209
1249,2,0,1,0,0,0,2,1,0,210,211,210
1250,2,0,1,0,0,0,2,1,0,211,212,211
1251,2,0,1,0,0,0,2,1,0,212,213,212
1252,2,0,1,0,0,0,2,1,0,213,214,213
1253,2,0,1,0,0,0,2,1,0,214,215,214
1254,2,0,1,0,0,0,2,1,0,215,216,215
1255,2,0,1,0,0,0,2,1,0,216,217,216
1256,2,0,1,0,0,0,2,1,0,217,218,217
1257,2,0,1,0,0,0,2,1,0,218,219,218
1258,2,0,1,0,0,0,2,1,0,219,220,219
1259,2,0,1,0,0,0,2,1,0,220,221,220
1260,2,0,1,0,0,0,2,1,0,221,222,221
1261,2,0,1,0,0,0,2,1,0,222,223,222
1262,2,0,1,0,0,0,2,1,0,223,224,223
1263,2,0,1,0,0,0,2,1,0,224,225,224
1264,2,0,1,0,0,0,2,1,0,225,226,225
1265,2,0,1,0,0,0,2,1,0,226,227,226
1266,2,0,1,0,0,0,2,1,0,227,228,227
1267,2,0,1,0,0,0,2,1,0,228,229,228
1268,2,0,1,0,0,0,2,1,0,229,230,229
1269,2,0,1,0,0,0,2,1,0,230,231,230
1270,2,0,1,0,0,0,2,1,0,231,232,231
1271,2,0,1,0,0,0,2,1,0,232,233,232
1272,2,0,1,0,0,0,2,1,0,233,234,233
1273,2,0,1,0,0,0,2,1,0,234,235,234
1274,2,0,1,0,0,0,2,1,0,235,236,235
1275,2,0,1,0,0,0,2,1,0,236,237,236
1276,2,0,1,0,0,0,2,1,0,237,238,237
1277,2,0,1,0,0,0,2,1,0,238,239,238
1278,2,0,1,0,0,0,2,1,0,239,240,239
1279,2,0,1,0,0,0,2,1,0,240,241,240
1280,2,0,1,0,0,0,2,1,0,241,242,241
1281,2,0,1,0,0,0,2,1,0,242,243,242
1282,2,0,1,0,0,0,2,1,0,243,244,243
1283,2,0,1,0,0,0,2,1,0,244,245,244
1284,2,0,1,0,0,0,2,1,0,245,246,245
1285,2,0,1,0,0,0,2,1,0,246,247,246
1286,2,0,1,0,0,0,2,1,0,247,248,247
1287,2,0,1,0,0,0,2,1,0,248,249,248
1288,2,0,1,0,0,0,2,1,0,249,250,249
1289,2,0,1,0,0,0,2,1,0,250,251,250
1290,2,0,1,0,0,0,2,1,0,251,252,251
1291,2,0,1,0,0,0,2,1,0,252,253,252
1292,2,0,1,0,0,0,2,1,0,253,254,253
1293,2,0,1,0,0,0,2,1,0,254,255,254
1294,2,0,1,0,0,0,2,1,0,255,256,255
1295,2,0,1,0,0,0,2,1,0,256,257,256
1296,2,0,1,0,0,0,2,1,0,257,258,257
1297,2,0,1,0,0,0,2,1,0,258,259,258
1298,2,0,1,0,0,0,2,1,0,259,260,259
1299,2,0,1,0,0,0,2,1,0,260,261,260
1300,2,0,1,0,0,0,2,1,0,261,262,261
1301,2,0,1,0,0,0,2,1,0,262,263,262
1302,2,0,1,0,0,0,2,1,0,263,264,263
1303,2,0,1,0,0,0,2,1,0,264,265,264
1304,2,0,1,0,0,0,2,1,0,265,266,265
1305,2,0,1,0,0,0,2,1,0,266,267,266
1306,2,0,1,0,0,0,2,1,0,267,268,267
1307,2,0,1,0,0,0,2,1,0,268,269,268
1308,2,0,1,0,0,0,2,1,0,269,270,269
1309,2,0,1,0,0,0,2,1,0,270,271,270
1310,2,0,1,0,0,0,2,1,0,271,272,271
1311,2,0,1,0,0,0,2,1,0,272,273,272
1312,2,0,1,0,0,0,2,1,0,273,274,273
1313,2,0,1,0,0,0,2,1,0,274,275,274
1314,2,0,1,0,0,0,2,1,0,275,276,275
1315,2,0,1,0,0,0,2,1,0,276,277,276
1316,2,0,1,0,0,0,2,1,0,277,278,277
1317,2,0,1,0,0,0,2,1,0,278,279,278
1318,2,0,1,0,0,0,2,1,0,279,280,279
1319,2,0,1,0,0,0,2,1,0,280,281,280
1320,2,0,1,0,0,0,2,1,0,281,282,281
1321,2,0,1,0,0,0,2,1,0,282,283,282
1322,2,0,1,0,0,0,2,1,0,283,284,283
1323,2,0,1,0,0,0,2,1,0,284,285,284
1324,2,0,1,0,0,0,2,1,0,285,286,285
1325,2,0,1,0,0,0,2,1,0,286,287,286
1326,2,0,1,0,0,0,2,1,0,287,288,287
1327,2,0,1,0,0,0,2,1,0,288,289,288
1328,2,0,1,0,0,0,2,1,0,289,290,289
1329,2,0,1,0,0,0,2,1,0,290,291,290
1330,2,0,1,0,0,0,2,1,0,291,292,291
1331,2,0,1,0,0,0,2,1,0,292,293,292
1332,2,0,1,0,0,0,2,1,0,293,294,293
1333,2,0,1,0,0,0,2,1,0,294,295,294
1334,2,0,1,0,0,0,2,1,0,295,296,295
1335,2,0,1,0,0,0,2,1,0,296,297,296
1336,2,0,1,0,0,0,2,1,0,297,298,297
1337,2,0,1,0,0,0,2,1,0,298,299,298
1338,2,0,1,0,0,0,2,1,0,299,300,299
1339,2,0,1,0,0,0,2,1,0,300,301,300
1340,2,0,1,0,0,0,2,1,0,301,302,301
1341,2,0,1,0,0,0,2,1,0,302,303,302
1342,2,0,1,0,0,0,2,1,0,303,304,303
1343,2,0,1,0,0,0,2,1,0,304,305,304
1344,2,0,1,0,0,0,2,1,0,305,306,305
1345,2,0,1,0,0,0,2,1,0,306,307,306
1346,2,0,1,0,0,0,2,1,0,307,308,307
1347,2,0,1,0,0,0,2,1,0,308,309,308
1348,2,0,1,0,0,0,2,1,0,309,310,309
1349,2,0,1,0,0,0,2,1,0,310,311,310
1350,2,0,1,0,0,0,2,1,0,311,312,311
1351,2,0,1,0,0,0,2,1,0,312,313,312
1352,2,0,1,0,0,0,2,1,0,313,314,313
1353,2,0,1,0,0,0,2,1,0,314,315,314
1354,2,0,1,0,0,0,2,1,0,315,316,315
1355,2,0,1,0,0,0,2,1,0,316,317,316
1356,2,0,1,0,0,0,2,1,0,317,318,317
1357,2,0,1,0,0,0,2,1,0,318,319,318
1358,2,0,1,0,0,0,2,1,0,319,320,319
1359,2,0,1,0,0,0,2,1,0,320,321,320
1360,2,0,1,0,0,0,2,1,0,321,322,321
1361,2,0,1,0,0,0,2,1,0,322,323,322
1362,2,0,1,0,0,0,2,1,0,323,324,323
1363,2,0,1,0,0,0,2,1,0,324,325,324
1364,2,0,1,0,0,0,2,1,0,325,326,325
1365,2,0,1,0,0,0,2,1,0,326,327,326
1366,2,0,1,0,0,0,2,1,0,327,328,327
1367,2,0,1,0,0,0,2,1,0,328,329,328
1368,2,0,1,0,0,0,2,1,0,329,330,329
1369,2,0,1,0,0,0,2,1,0,330,331,330
1370,2,0,1,0,0,0,2,1,0,331,332,331
1371,2,0,1,0,0,0,2,1,0,332,333,332
1372,2,0,1,0,0,0,2,1,0,333,334,333
1373,2,0,1,0,0,0,2,1,0,334,335,334
1374,2,0,1,0,0,0,2,1,0,335,336,335
1375,2,0,1,0,0,0,2,1,0,336,337,336
1376,2,0,1,0,0,0,2,1,0,337,338,337
1377,2,0,1,0,0,0,2,1,0,338,339,338
1378,2,0,1,0,0,0,2,1,0,339,340,339
1379,2,0,1,0,0,0,2,1,0,340,341,340
1380,2,0,1,0,0,0,2,1,0,341,342,341
1381,2,0,1,0,0,0,2,1,0,342,343,342
1382,2,0,1,0,0,0,2,1,0,343,344,343
1383,2,0,1,0,0,0,2,1,0,344,345,344
1384,2,0,1,0,0,0,2,1,0,345,346,345
1385,2,0,1,0,0,0,2,1,0,346,347,346
1386,2,0,1,0,0,0,2,1,0,347,348,347
1387,2,0,1,0,0,0,2,1,0,348,349,348
1388,2,0,1,0,0,0,2,1,0,349,350,349
1389,2,0,1,0,0,0,2,1,0,350,351,350
1390,2,0,1,0,0,0,2,1,0,351,352,351
1391,2,0,1,0,0,0,2,1,0,352,353,352
1392,2,0,1,0,0,0,2,1,0,353,354,353
1393,2,0,1,0,0,0,2,1,0,354,355,354
1394,2,0,1,0,0,0,2,1,0,355,356,355
1395,2,0,1,0,0,0,2,1,0,356,357,356
1396,2,0,1,0,0,0,2,1,0,357,358,357
1397,2,0,1,0,0,0,2,1,0,358,359,358
1398,2,0,1,0,0,0,2,1,0,359,360,359
1399,2,0,1,0,0,0,2,1,0,360,361,360
1400,2,0,1,0,0,0,2,1,0,361,362,361
1401,2,0,1,0,0,0,2,1,0,362,363,362
1402,2,0,1,0,0,0,2,1,0,363,364,363
1403,2,0,1,0,0,0,2,1,0,364,365,364
1404,2,0,1,0,0,0,2,1,0,365,366,365
1405,2,0,1,0,0,0,2,1,0,366,367,366
1406,2,0,1,0,0,0,2,1,0,367,368,367
1407,2,0,1,0,0,0,2,1,0,368,369,368
1408,2,0,1,0,0,0,2,1,0,369,370,369
1409,2,0,1,0,0,0,2,1,0,370,371,370
1410,2,0,1,0,0,0,2,1,0,371,372,371
1411,2,0,1,0,0,0,2,1,0,372,373,372
1412,2,0,1,0,0,0,2,1,0,373,374,373
1413,2,0,1,0,0,0,2,1,0,374,375,374
1414,2,0,1,0,0,0,2,1,0,375,376,375
1415,2,0,1,0,0,0,2,1,0,376,377,376
1416,2,0,1,0,0,0,2,1,0,377,378,377
1417,2,0,1,0,0,0,2,1,0,378,379,378
1418,2,0,1,0,0,0,2,1,0,379,380,379
1419,2,0,1,0,0,0,2,1,0,380,381,380
1420,2,0,1,0,0,0,2,1,0,381,382,381
1421,2,0,1,0,0,0,2,1,0,382,383,382
1422,2,0,1,0,0,0,2,1,0,383,384,383
1423,2,0,1,0,0,0,2,1,0,384,385,384
1424,2,0,1,0,0,0,2,1,0,385,386,385
1425,2,0,1,0,0,0,2,1,0,386,387,386
1426,2,0,1,0,0,0,2,1,0,387,388,387
1427,2,0,1,0,0,0,2,1,0,388,389,388
1428,2,0,1,0,0,0,2,1,0,389,390,389
1429,2,0,1,0,0,0,2,1,0,390,391,390
1430,2,0,1,0,0,0,2,1,0,391,392,391
1431,2,0,1,0,0,0,2,1,0,392,393,392
1432,2,0,1,0,0,0,2,1,0,393,394,393
1433,2,0,1,0,0,0,2,1,0,394,395,394
1434,2,0,1,0,0,0,2,1,0,395,396,395
1435,2,0,1,0,0,0,2,1,0,396,397,396
1436,2,0,1,0,0,0,2,1,0,397,398,397
1437,2,0,1,0,0,0,2,1,0,398,399,398
1438,2,0,1,0,0,0,2,1,0,399,400,399
1439,2,0,1,0,0,0,2,1,0,400,401,400
1440,2,0,1,0,0,0,2,1,0,401,402,401
1441,2,0,1,0,0,0,2,1,0,402,403,402
1442,2,0,1,0,0,0,2,1,0,403,404,403
1443,2,0,1,0,0,0,2,1,0,404,405,404
1444,2,0,1,0,0,0,2,1,0,405,406,405
1445,2,0,1,0,0,0,2,1,0,406,407,406
1446,2,0,1,0,0,0,2,1,0,407,408,407
1447,2,0,1,0,0,0,2,1,0,408,409,408
1448,2,0,1,0,0,0,2,1,0,409,410,409
1449,2,0,1,0,0,0,2,1,0,410,411,410
1450,2,0,1,0,0,0,2,1,0,411,412,411
1451,2,0,1,0,0,0,2,1,0,412,413,412
1452,2,0,1,0,0,0,2,1,0,413,414,413
1453,2,0,1,0,0,0,2,1,0,414,415,414
1454,2,0,1,0,0,0,2,1,0,415,416,415
1455,2,0,1,0,0,0,2,1,0,416,417,416
1456,2,0,1,0,0,0,2,1,0,417,418,417
1457,2,0,1,0,0,0,2,1,0,418,419,418
1458,2,0,1,0,0,0,2,1,0,419,420,419
1459,2,0,1,0,0,0,2,1,0,420,421,420
1460,2,0,1,0,0,0,2,1,0,421,422,421
1461,2,0,1,0,0,0,2,1,0,422,423,422
1462,2,0,1,0,0,0,2,1,0,423,424,423
1463,2,0,1,0,0,0,2,1,0,424,425,424
1464,2,0,1,0,0,0,2,1,0,425,426,425
1465,2,0,1,0,0,0,2,1,0,426,427,426
1466,2,0,1,0,0,0,2,1,0,427,428,427
1467,2,0,1,0,0,0,2,1,0,428,429,428
1468,2,0,1,0,0,0,2,1,0,429,430,429
1469,2,0,1,0,0,0,2,1,0,430,431,430
1470,2,0,1,0,0,0,2,1,0,431,432,431
1471,2,0,1,0,0,0,2,1,0,432,433,432
1472,2,0,1,0,0,0,2,1,0,433,434,433
1473,2,0,1,0,0,0,2,1,0,434,435,434
1474,2,0,1,0,0,0,2,1,0,435,436,435
1475,2,0,1,0,0,0,2,1,0,436,437,436
1476,2,0,1,0,0,0,2,1,0,437,438,437
1477,2,0,1,0,0,0,2,1,0,438,439,438
1478,2,0,1,0,0,0,2,1,0,439,440,439
1479,2,0,1,0,0,0,2,1,0,440,441,440
1480,2,0,1,0,0,0,2,1,0,441,442,441
1481,2,0,1,0,0,0,2,1,0,442,443,442
1482,2,0,1,0,0,0,2,1,0,443,444,443
1483,2,0,1,0,0,0,2,1,0,444,445,444
1484,2,0,1,0,0,0,2,1,0,445,446,445
1485,2,0,1,0,0,0,2,1,0,446,447,446
1486,2,0,1,0,0,0,2,1,0,447,448,447
1487,2,0,1,0,0,0,2,1,0,448,449,448
1488,2,0,1,0,0,0,2,1,0,449,450,449
1489,2,0,1,0,0,0,2,1,0,450,451,450
1490,2,0,1,0,0,0,2,1,0,451,452,451
1491,2,0,1,0,0,0,2,1,0,452,453,452
1492,2,0,1,0,0,0,2,1,0,453,454,453
1493,2,0,1,0,0,0,2,1,0,454,455,454
1494,2,0,1,0,0,0,2,1,0,455,456,455
1495,2,0,1,0,0,0,2,1,0,456,457,456
1496,2,0,1,0,0,0,2,1,0,457,458,457
1497,2,0,1,0,0,0,2,1,0,458,459,458
1498,2,0,1,0,0,0,2,1,0,459,460,459
1499,2,0,1,0,0,0,2,1,0,460,461,460
1500,2,0,1,0,0,0,2,1,0,461,462,461
1501,2,0,1,0,0,0,2,1,0,462,463,462
1502,2,0,1,0,0,0,2,1,0,463,464,463
1503,2,0,1,0,0,0,2,1,0,464,465,464
1504,2,0,1,0,0,0,2,1,0,465,466,465
1505,2,0,1,0,0,0,2,1,0,466,467,466
1506,2,0,1,0,0,0,2,1,0,467,468,467
1507,2,0,1,0,0,0,2,1,0,468,469,468
1508,2,0,1,0,0,0,2,1,0,469,470,469
1509,2,0,1,0,0,0,2,1,0,470,471,470
1510,2,0,1,0,0,0,2,1,0,471,472,471
1511,2,0,1,0,0,0,2,1,0,472,473,472
1512,2,0,1,0,0,0,2,1,0,473,474,473
1513,2,0,1,0,0,0,2,1,0,474,475,474
1514,2,0,1,0,0,0,2,1,0,475,476,475
1515,2,0,1,0,0,0,2,1,0,476,477,476
1516,2,0,1,0,0,0,2,1,0,477,478,477
1517,2,0,1,0,0,0,2,1,0,478,479,478
1518,2,0,1,0,0,0,2,1,0,479,480,479
1519,2,0,1,0,0,0,2,1,0,480,481,480
1520,2,0,1,0,0,0,2,1,0,481,482,481
1521,2,0,1,0,0,0,2,1,0,482,483,482
1522,2,0,1,0,0,0,2,1,0,483,484,483
1523,2,0,1,0,0,0,2,1,0,484,485,484
1524,2,0,1,0,0,0,2,1,0,485,486,485
1525,2,0,1,0,0,0,2,1,0,486,487,486
1526,2,0,1,0,0,0,2,1,0,487,488,487
1527,2,0,1,0,0,0,2,1,0,488,489,488
1528,2,0,1,0,0,0,2,1,0,489,490,489
1529,2,0,1,0,0,0,2,1,0,490,491,490
1530,2,0,1,0,0,0,2,1,0,491,492,491
1531,2,0,1,0,0,0,2,1,0,492,493,492
1532,2,0,1,0,0,0,2,1,0,493,494,493
1533,2,0,1,0,0,0,2,1,0,494,495,494
1534,2,0,1,0,0,0,2,1,0,495,496,495
1535,2,0,1,0,0,0,2,1,0,496,497,496
1536,2,0,1,0,0,0,2,1,0,497,498,497
1537,2,0,1,0,0,0,2,1,0,498,499,498
1538,2,0,1,0,0,0,2,1,0,499,500,499
1539,2,0,1,0,0,0,2,1,0,500,501,500
1540,2,0,1,0,0,0,2,1,0,501,502,501
1541,2,0,1,0,0,0,2,1,0,502,503,502
1542,2,0,1,0,0,0,2,1,0,503,504,503
1543,2,0,1,0,0,0,2,1,0,504,505,504
1544,2,0,1,0,0,0,2,1,0,505,506,505
1545,2,0,1,0,0,0,2,1,0,506,507,506
1546,2,0,1,0,0,0,2,1,0,507,508,507
1547,2,0,1,0,0,0,2,1,0,508,509,508
1548,2,0,1,0,0,0,2,1,0,509,510,509
1549,2,0,1,0,0,0,2,1,0,510,511,510
1550,2,0,1,0,0,0,2,1,0,511,512,511
1551,2,0,1,0,0,0,2,1,0,512,513,512
1552,2,0,1,0,0,0,2,1,0,513,514,513
1553,2,0,1,0,0,0,2,1,0,514,515,514
1554,2,0,1,0,0,0,2,1,0,515,516,515
1555,2,0,1,0,0,0,2,1,0,516,517,516
1556,2,0,1,0,0,0,2,1,0,517,518,517
1557,2,0,1,0,0,0,2,1,0,518,519,518
1558,2,0,1,0,0,0,2,1,0,519,520,519
1559,2,0,1,0,0,0,2,1,0,520,521,520
1560,2,0,1,0,0,0,2,1,0,521,522,521
1561,2,0,1,0,0,0,2,1,0,522,523,522
1562,2,0,1,0,0,0,2,1,0,523,524,523
1563,2,0,1,0,0,0,2,1,0,524,525,524
1564,2,0,1,0,0,0,2,1,0,525,526,525
1565,2,0,1,0,0,0,2,1,0,526,527,526
1566,2,0,1,0,0,0,2,1,0,527,528,527
1567,2,0,1,0,0,0,2,1,0,528,529,528
1568,2,0,1,0,0,0,2,1,0,529,530,529
1569,2,0,1,0,0,0,2,1,0,530,531,530
1570,2,0,1,0,0,0,2,1,0,531,532,531
1571,2,0,1,0,0,0,2,1,0,532,533,532
1572,2,0,1,0,0,0,2,1,0,533,534,533
1573,2,0,1,0,0,0,2,1,0,534,535,534
1574,2,0,1,0,0,0,2,1,0,535,536,535
1575,2,0,1,0,0,0,2,1,0,536,537,536
1576,2,0,1,0,0,0,2,1,0,537,538,537
1577,2,0,1,0,0,0,2,1,0,538,539,538
1578,2,0,1,0,0,0,2,1,0,539,540,539
1579,2,0,1,0,0,0,2,1,0,540,541,540
1580,2,0,1,0,0,0,2,1,0,541,542,541
1581,2,0,1,0,0,0,2,1,0,542,543,542
1582,2,0,1,0,0,0,2,1,0,543,544,543
1583,2,0,1,0,0,0,2,1,0,544,545,544
1584,2,0,1,0,0,0,2,1,0,545,546,545
1585,2,0,1,0,0,0,2,1,0,546,547,546
1586,2,0,1,0,0,0,2,1,0,547,548,547
1587,2,0,1,0,0,0,2,1,0,548,549,548
1588,2,0,1,0,0,0,2,1,0,549,550,549
1589,2,0,1,0,0,0,2,1,0,550,551,550
1590,2,0,1,0,0,0,2,1,0,551,552,551
1591,2,0,1,0,0,0,2,1,0,552,553,552
1592,2,0,1,0,0,0,2,1,0,553,554,553
1593,2,0,1,0,0,0,2,1,0,554,555,554
1594,2,0,1,0,0,0,2,1,0,555,556,555
1595,2,0,1,0,0,0,2,1,0,556,557,556
1596,2,0,1,0,0,0,2,1,0,557,558,557
1597,2,0,1,0,0,0,2,1,0,558,559,558
1598,2,0,1,0,0,0,2,1,0,559,560,559
1599,2,0,1,0,0,0,2,1,0,560,561,560
1600,2,0,1,0,0,0,2,1,0,561,562,561
1601,2,0,1,0,0,0,2,1,0,562,563,562
1602,2,0,1,0,0,0,2,1,0,563,564,563
1603,2,0,1,0,0,0,2,1,0,564,565,564
1604,2,0,1,0,0,0,2,1,0,565,566,565
1605,2,0,1,0,0,0,2,1,0,566,567,566
1606,2,0,1,0,0,0,2,1,0,567,568,567
1607,2,0,1,0,0,0,2,1,0,568,569,568
1608,2,0,1,0,0,0,2,1,0,569,570,569
1609,2,0,1,0,0,0,2,1,0,570,571,570
1610,2,0,1,0,0,0,2,1,0,571,572,571
1611,2,0,1,0,0,0,2,1,0,572,573,572
1612,2,0,1,0,0,0,2,1,0,573,574,573
1613,2,0,1,0,0,0,2,1,0,574,575,574
1614,2,0,1,0,0,0,2,1,0,575,576,575
1615,2,0,1,0,0,0,2,1,0,576,577,576
1616,2,0,1,0,0,0,2,1,0,577,578,577
1617,2,0,1,0,0,0,2,1,0,578,579,578
1618,2,0,1,0,0,0,2,1,0,579,580,579
1619,2,0,1,0,0,0,2,1,0,580,581,580
1620,2,0,1,0,0,0,2,1,0,581,582,581
1621,2,0,1,0,0,0,2,1,0,582,583,582
1622,2,0,1,0,0,0,2,1,0,583,584,583
1623,2,0,1,0,0,0,2,1,0,584,585,584
1624,2,0,1,0,0,0,2,1,0,585,586,585
1625,2,0,1,0,0,0,2,1,0,586,587,586
1626,2,0,1,0,0,0,2,1,0,587,588,587
1627,2,0,1,0,0,0,2,1,0,588,589,588
1628,2,0,1,0,0,0,2,1,0,589,590,589
1629,2,0,1,0,0,0,2,1,0,590,591,590
1630,2,0,1,0,0,0,2,1,0,591,592,591
1631,2,0,1,0,0,0,2,1,0,592,593,592
1632,2,0,1,0,0,0,2,1,0,593,594,593
1633,2,0,1,0,0,0,2,1,0,594,595,594
1634,2,0,1,0,0,0,2,1,0,595,596,595
1635,2,0,1,0,0,0,2,1,0,596,597,596
1636,2,0,1,0,0,0,2,1,0,597,598,597
1637,2,0,1,0,0,0,2,1,0,598,599,598
1638,2,0,1,0,0,0,2,1,0,599,600,599
1639,2,0,1,0,0,0,2,1,0,600,601,600
1640,2,0,1,0,0,0,2,1,0,601,602,601
1641,2,0,1,0,0,0,2,1,0,602,603,602
1642,2,0,1,0,0,0,2,1,0,603,604,603
1643,2,0,1,0,0,0,2,1,0,604,605,604
1644,2,0,1,0,0,0,2,1,0,605,606,605
1645,2,0,1,0,0,0,2,1,0,606,607,606
1646,2,0,1,0,0,0,2,1,0,607,608,607
1647,2,0,1,0,0,0,2,1,0,608,609,608
1648,2,0,1,0,0,0,2,1,0,609,610,609
1649,2,0,1,0,0,0,2,1,0,610,611,610
1650,2,0,1,0,0,0,2,1,0,611,612,611
1651,2,0,1,0,0,0,2,1,0,612,613,612
1652,2,0,1,0,0,0,2,1,0,613,614,613
1653,2,0,1,0,0,0,2,1,0,614,615,614
1654,2,0,1,0,0,0,2,1,0,615,616,615
1655,2,0,1,0,0,0,2,1,0,616,617,616
1656,2,0,1,0,0,0,2,1,0,617,618,617
1657,2,0,1,0,0,0,2,1,0,618,619,618
1658,2,0,1,0,0,0,2,1,0,619,620,619
1659,2,0,1,0,0,0,2,1,0,620,621,620
1660,2,0,1,0,0,0,2,1,0,621,622,621
1661,2,0,1,0,0,0,2,1,0,622,623,622
1662,2,0,1,0,0,0,2,1,0,623,624,623
1663,2,0,1,0,0,0,2,1,0,624,625,624
1664,2,0,1,0,0,0,2,1,0,625,626,625
1665,2,0,1,0,0,0,2,1,0,626,627,626
1666,2,0,1,0,0,0,2,1,0,627,628,627
1667,2,0,1,0,0,0,2,1,0,628,629,628
1668,2,0,1,0,0,0,2,1,0,629,630,629
1669,2,0,1,0,0,0,2,1,0,630,631,630
1670,2,0,1,0,0,0,2,1,0,631,632,631
1671,2,0,1,0,0,0,2,1,0,632,633,632
1672,2,0,1,0,0,0,2,1,0,633,634,633
1673,2,0,1,0,0,0,2,1,0,634,635,634
1674,2,0,1,0,0,0,2,1,0,635,636,635
1675,2,0,1,0,0,0,2,1,0,636,637,636
1676,2,0,1,0,0,0,2,1,0,637,638,637
1677,2,0,1,0,0,0,2,1,0,638,639,638
1678,2,0,1,0,0,0,2,1,0,639,640,639
1679,2,0,1,0,0,0,2,1,0,640,641,640
1680,2,0,1,0,0,0,2,1,0,641,642,641
1681,2,0,1,0,0,0,2,1,0,642,643,642
1682,2,0,1,0,0,0,2,1,0,643,644,643
1683,2,0,1,0,0,0,2,1,0,644,645,644
1684,2,0,1,0,0,0,2,1,0,645,646,645
1685,2,0,1,0,0,0,2,1,0,646,647,646
1686,2,0,1,0,0,0,2,1,0,647,648,647
1687,2,0,1,0,0,0,2,1,0,648,649,648
1688,2,0,1,0,0,0,2,1,0,649,650,649
1689,2,0,1,0,0,0,2,1,0,650,651,650
1690,2,0,1,0,0,0,2,1,0,651,652,651
1691,2,0,1,0,0,0,2,1,0,652,653,652
1692,2,0,1,0,0,0,2,1,0,653,654,653
1693,2,0,1,0,0,0,2,1,0,654,655,654
1694,2,0,1,0,0,0,2,1,0,655,656,655
1695,2,0,1,0,0,0,2,1,0,656,657,656
1696,2,0,1,0,0,0,2,1,0,657,658,657
1697,2,0,1,0,0,0,2,1,0,658,659,658
1698,2,0,1,0,0,0,2,1,0,659,660,659
1699,2,0,1,0,0,0,2,1,0,660,661,660
1700,2,0,1,0,0,0,2,1,0,661,662,661
1701,2,0,1,0,0,0,2,1,0,662,663,662
1702,2,0,1,0,0,0,2,1,0,663,664,663
1703,2,0,1,0,0,0,2,1,0,664,665,664
1704,2,0,1,0,0,0,2,1,0,665,666,665
1705,2,0,1,0,0,0,2,1,0,666,667,666
1706,2,0,1,0,0,0,2,1,0,667,668,667
1707,2,0,1,0,0,0,2,1,0,668,669,668
1708,2,0,1,0,0,0,2,1,0,669,670,669
1709,2,0,1,0,0,0,2,1,0,670,671,670
1710,2,0,1,0,0,0,2,1,0,671,672,671
1711,2,0,1,0,0,0,2,1,0,672,673,672
1712,2,0,1,0,0,0,2,1,0,673,674,673
1713,2,0,1,0,0,0,2,1,0,674,675,674
1714,2,0,1,0,0,0,2,1,0,675,676,675
1715,2,0,1,0,0,0,2,1,0,676,677,676
1716,2,0,1,0,0,0,2,1,0,677,678,677
1717,2,0,1,0,0,0,2,1,0,678,679,678
1718,2,0,1,0,0,0,2,1,0,679,680,679
1719,2,0,1,0,0,0,2,1,0,680,681,680
1720,2,0,1,0,0,0,2,1,0,681,682,681
1721,2,0,1,0,0,0,2,1,0,682,683,682
1722,2,0,1,0,0,0,2,1,0,683,684,683
1723,2,0,1,0,0,0,2,1,0,684,685,684
1724,2,0,1,0,0,0,2,1,0,685,686,685
1725,2,0,1,0,0,0,2,1,0,686,687,686
1726,2,0,1,0,0,0,2,1,0,687,688,687
1727,2,0,1,0,0,0,2,1,0,688,689,688
1728,2,0,1,0,0,0,2,1,0,689,690,689
1729,2,0,1,0,0,0,2,1,0,690,691,690
1730,2,0,1,0,0,0,2,1,0,691,692,691
1731,2,0,1,0,0,0,2,1,0,692,693,692
1732,2,0,1,0,0,0,2,1,0,693,694,693
1733,2,0,1,0,0,0,2,1,0,694,695,694
1734,2,0,1,0,0,0,2,1,0,695,696,695
1735,2,0,1,0,0,0,2,1,0,696,697,696
1736,2,0,1,0,0,0,2,1,0,697,698,697
1737,2,0,1,0,0,0,2,1,0,698,699,698
1738,2,0,1,0,0,0,2,1,0,699,700,699
1739,2,0,1,0,0,0,2,1,0,700,701,700
1740,2,0,1,0,0,0,2,1,0,701,702,701
1741,2,0,1,0,0,0,2,1,0,702,703,702
1742,2,0,1,0,0,0,2,1,0,703,704,703
1743,2,0,1,0,0,0,2,1,0,704,705,704
1744,2,0,1,0,0,0,2,1,0,705,706,705
1745,2,0,1,0,0,0,2,1,0,706,707,706
1746,2,0,1,0,0,0,2,1,0,707,708,707
1747,2,0,1,0,0,0,2,1,0,708,709,708
1748,2,0,1,0,0,0,2,1,0,709,710,709
1749,2,0,1,0,0,0,2,1,0,710,711,710
1750,2,0,1,0,0,0,2,1,0,711,712,711
1751,2,0,1,0,0,0,2,1,0,712,713,712
1752,2,0,1,0,0,0,2,1,0,713,714,713
1753,2,0,1,0,0,0,2,1,0,714,715,714
1754,2,0,1,0,0,0,2,1,0,715,716,715
1755,2,0,1,0,0,0,2,1,0,716,717,716
1756,2,0,1,0,0,0,2,1,0,717,718,717
1757,2,0,1,0,0,0,2,1,0,718,719,718
1758,2,0,1,0,0,0,2,1,0,719,720,719
1759,2,0,1,0,0,0,2,1,0,720,721,720
1760,2,0,1,0,0,0,2,1,0,721,722,721
1761,2,0,1,0,0,0,2,1,0,722,723,722
1762,2,0,1,0,0,0,2,1,0,723,724,723
1763,2,0,1,0,0,0,2,1,0,724,725,724
1764,2,0,1,0,0,0,2,1,0,725,726,725
1765,2,0,1,0,0,0,2,1,0,726,727,726
1766,2,0,1,0,0,0,2,1,0,727,728,727
1767,2,0,1,0,0,0,2,1,0,728,729,728
1768,2,0,1,0,0,0,2,1,0,729,730,729
1769,2,0,1,0,0,0,2,1,0,730,731,730
1770,2,0,1,0,0,0,2,1,0,731,732,731
1771,2,0,1,0,0,0,2,1,0,732,733,732
1772,2,0,1,0,0,0,2,1,0,733,734,733
1773,2,0,1,0,0,0,2,1,0,734,735,734
1774,2,0,1,0,0,0,2,1,0,735,736,735
1775,2,0,1,0,0,0,2,1,0,736,737,736
1776,2,0,1,0,0,0,2,1,0,737,738,737
1777,2,0,1,0,0,0,2,1,0,738,739,738
1778,2,0,1,0,0,0,2,1,0,739,740,739
1779,2,0,1,0,0,0,2,1,0,740,741,740
1780,2,0,1,0,0,0,2,1,0,741,742,741
1781,2,0,1,0,0,0,2,1,0,742,743,742
1782,2,0,1,0,0,0,2,1,0,743,744,743
1783,2,0,1,0,0,0,2,1,0,744,745,744
1784,2,0,1,0,0,0,2,1,0,745,746,745
1785,2,0,1,0,0,0,2,1,0,746,747,746
1786,2,0,1,0,0,0,2,1,0,747,748,747
1787,2,0,1,0,0,0,2,1,0,748,749,748
1788,2,0,1,0,0,0,2,1,0,749,750,749
1789,2,0,1,0,0,0,2,1,0,750,751,750
1790,2,0,1,0,0,0,2,1,0,751,752,751
1791,2,0,1,0,0,0,2,1,0,752,753,752
1792,2,0,1,0,0,0,2,1,0,753,754,753
1793,2,0,1,0,0,0,2,1,0,754,755,754
1794,2,0,1,0,0,0,2,1,0,755,756,755
1795,2,0,1,0,0,0,2,1,0,756,757,756
1796,2,0,1,0,0,0,2,1,0,757,758,757
1797,2,0,1,0,0,0,2,1,0,758,759,758
1798,2,0,1,0,0,0,2,1,0,759,760,759
1799,2,0,1,0,0,0,2,1,0,760,761,760
1800,2,0,1,0,0,0,2,1,0,761,762,761
1801,2,0,1,0,0,0,2,1,0,762,763,762
1802,2,0,1,0,0,0,2,1,0,763,764,763
1803,2,0,1,0,0,0,2,1,0,764,765,764
1804,2,0,1,0,0,0,2,1,0,765,766,765
1805,2,0,1,0,0,0,2,1,0,766,767,766
1806,2,0,1,0,0,0,2,1,0,767,768,767
1807,2,0,1,0,0,0,2,1,0,768,769,768
1808,2,0,1,0,0,0,2,1,0,769,770,769
1809,2,0,1,0,0,0,2,1,0,770,771,770
1810,2,0,1,0,0,0,2,1,0,771,772,771
1811,2,0,1,0,0,0,2,1,0,772,773,772
1812,2,0,1,0,0,0,2,1,0,773,774,773
1813,2,0,1,0,0,0,2,1,0,774,775,774
1814,2,0,1,0,0,0,2,1,0,775,776,775
1815,2,0,1,0,0,0,2,1,0,776,777,776
1816,2,0,1,0,0,0,2,1,0,777,778,777
1817,2,0,1,0,0,0,2,1,0,778,779,778
1818,2,0,1,0,0,0,2,1,0,779,780,779
1819,2,0,1,0,0,0,2,1,0,780,781,780
1820,2,0,1,0,0,0,2,1,0,781,782,781
1821,2,0,1,0,0,0,2,1,0,782,783,782
1822,2,0,1,0,0,0,2,1,0,783,784,783
1823,2,0,1,0,0,0,2,1,0,784,785,784
1824,2,0,1,0,0,0,2,1,0,785,786,785
1825,2,0,1,0,0,0,2,1,0,786,787,786
1826,2,0,1,0,0,0,2,1,0,787,788,787
1827,2,0,1,0,0,0,2,1,0,788,789,788
1828,2,0,1,0,0,0,2,1,0,789,790,789
1829,2,0,1,0,0,0,2,1,0,790,791,790
1830,2,0,1,0,0,0,2,1,0,791,792,791
1831,2,0,1,0,0,0,2,1,0,792,793,792
1832,2,0,1,0,0,0,2,1,0,793,794,793
1833,2,0,1,0,0,0,2,1,0,794,795,794
1834,2,0,1,0,0,0,2,1,0,795,796,795
1835,2,0,1,0,0,0,2,1,0,796,797,796
1836,2,0,1,0,0,0,2,1,0,797,798,797
1837,2,0,1,0,0,0,2,1,0,798,799,798
1838,2,0,1,0,0,0,2,1,0,799,800,799
1839,2,0,1,0,0,0,2,1,0,800,801,800
1840,2,0,1,0,0,0,2,1,0,801,802,801
1841,2,0,1,0,0,0,2,1,0,802,803,802
1842,2,0,1,0,0,0,2,1,0,803,804,803
1843,2,0,1,0,0,0,2,1,0,804,805,804
1844,2,0,1,0,0,0,2,1,0,805,806,805
1845,2,0,1,0,0,0,2,1,0,806,807,806
1846,2,0,1,0,0,0,2,1,0,807,808,807
1847,2,0,1,0,0,0,2,1,0,808,809,808
1848,2,0,1,0,0,0,2,1,0,809,810,809
1849,2,0,1,0,0,0,2,1,0,810,811,810
1850,2,0,1,0,0,0,2,1,0,811,812,811
1851,2,0,1,0,0,0,2,1,0,812,813,812
1852,2,0,1,0,0,0,2,1,0,813,814,813
1853,2,0,1,0,0,0,2,1,0,814,815,814
1854,2,0,1,0,0,0,2,1,0,815,816,815
1855,2,0,1,0,0,0,2,1,0,816,817,816
1856,2,0,1,0,0,0,2,1,0,817,818,817
1857,2,0,1,0,0,0,2,1,0,818,819,818
1858,2,0,1,0,0,0,2,1,0,819,820,819
1859,2,0,1,0,0,0,2,1,0,820,821,820
1860,2,0,1,0,0,0,2,1,0,821,822,821
1861,2,0,1,0,0,0,2,1,0,822,823,822
1862,2,0,1,0,0,0,2,1,0,823,824,823
1863,2,0,1,0,0,0,2,1,0,824,825,824
1864,2,0,1,0,0,0,2,1,0,825,826,825
1865,2,0,1,0,0,0,2,1,0,826,827,826
1866,2,0,1,0,0,0,2,1,0,827,828,827
1867,2,0,1,0,0,0,2,1,0,828,829,828
1868,2,0,1,0,0,0,2,1,0,829,830,829
1869,2,0,1,0,0,0,2,1,0,830,831,830
1870,2,0,1,0,0,0,2,1,0,831,832,831
1871,2,0,1,0,0,0,2,1,0,832,833,832
1872,2,0,1,0,0,0,2,1,0,833,834,833
1873,2,0,1,0,0,0,2,1,0,834,835,834
1874,2,0,1,0,0,0,2,1,0,835,836,835
1875,2,0,1,0,0,0,2,1,0,836,837,836
1876,2,0,1,0,0,0,2,1,0,837,838,837
1877,2,0,1,0,0,0,2,1,0,838,839,838
1878,2,0,1,0,0,0,2,1,0,839,840,839
1879,2,0,1,0,0,0,2,1,0,840,841,840
1880,2,0,1,0,0,0,2,1,0,841,842,841
1881,2,0,1,0,0,0,2,1,0,842,843,842
1882,2,0,1,0,0,0,2,1,0,843,844,843
1883,2,0,1,0,0,0,2,1,0,844,845,844
1884,2,0,1,0,0,0,2,1,0,845,846,845
1885,2,0,1,0,0,0,2,1,0,846,847,846
1886,2,0,1,0,0,0,2,1,0,847,848,847
1887,2,0,1,0,0,0,2,1,0,848,849,848
1888,2,0,1,0,0,0,2,1,0,849,850,849
1889,2,0,1,0,0,0,2,1,0,850,851,850
1890,2,0,1,0,0,0,2,1,0,851,852,851
1891,2,0,1,0,0,0,2,1,0,852,853,852
1892,2,0,1,0,0,0,2,1,0,853,854,853
1893,2,0,1,0,0,0,2,1,0,854,855,854
1894,2,0,1,0,0,0,2,1,0,855,856,855
1895,2,0,1,0,0,0,2,1,0,856,857,856
1896,2,0,1,0,0,0,2,1,0,857,858,857
1897,2,0,1,0,0,0,2,1,0,858,859,858
1898,2,0,1,0,0,0,2,1,0,859,860,859
1899,2,0,1,0,0,0,2,1,0,860,861,860
1900,2,0,1,0,0,0,2,1,0,861,862,861
1901,2,0,1,0,0,0,2,1,0,862,863,862
1902,2,0,1,0,0,0,2,1,0,863,864,863
1903,2,0,1,0,0,0,2,1,0,864,865,864
1904,2,0,1,0,0,0,2,1,0,865,866,865
1905,2,0,1,0,0,0,2,1,0,866,867,866
1906,2,0,1,0,0,0,2,1,0,867,868,867
1907,2,0,1,0,0,0,2,1,0,868,869,868
1908,2,0,1,0,0,0,2,1,0,869,870,869
1909,2,0,1,0,0,0,2,1,0,870,871,870
1910,2,0,1,0,0,0,2,1,0,871,872,871
1911,2,0,1,0,0,0,2,1,0,872,873,872
1912,2,0,1,0,0,0,2,1,0,873,874,873
1913,2,0,1,0,0,0,2,1,0,874,875,874
1914,2,0,1,0,0,0,2,1,0,875,876,875
1915,2,0,1,0,0,0,2,1,0,876,877,876
1916,2,0,1,0,0,0,2,1,0,877,878,877
1917,2,0,1,0,0,0,2,1,0,878,879,878
1918,2,0,1,0,0,0,2,1,0,879,880,879
1919,2,0,1,0,0,0,2,1,0,880,881,880
1920,2,0,1,0,0,0,2,1,0,881,882,881
1921,2,0,1,0,0,0,2,1,0,882,883,882
1922,2,0,1,0,0,0,2,1,0,883,884,883
1923,2,0,1,0,0,0,2,1,0,884,885,884
1924,2,0,1,0,0,0,2,1,0,885,886,885
1925,2,0,1,0,0,0,2,1,0,886,887,886
1926,2,0,1,0,0,0,2,1,0,887,888,887
1927,2,0,1,0,0,0,2,1,0,888,889,888
1928,2,0,1,0,0,0,2,1,0,889,890,889
1929,2,0,1,0,0,0,2,1,0,890,891,890
1930,2,0,1,0,0,0,2,1,0,891,892,891
1931,2,0,1,0,0,0,2,1,0,892,893,892
1932,2,0,1,0,0,0,2,1,0,893,894,893
1933,2,0,1,0,0,0,2,1,0,894,895,894
1934,2,0,1,0,0,0,2,1,0,895,896,895
1935,2,0,1,0,0,0,2,1,0,896,897,896
1936,2,0,1,0,0,0,2,1,0,897,898,897
1937,2,0,1,0,0,0,2,1,0,898,899,898
1938,2,0,1,0,0,0,2,1,0,899,900,899
1939,2,0,1,0,0,0,2,1,0,900,901,900
1940,2,0,1,0,0,0,2,1,0,901,902,901
1941,2,0,1,0,0,0,2,1,0,902,903,902
1942,2,0,1,0,0,0,2,1,0,903,904,903
1943,2,0,1,0,0,0,2,1,0,904,905,904
1944,2,0,1,0,0,0,2,1,0,905,906,905
1945,2,0,1,0,0,0,2,1,0,906,907,906
1946,2,0,1,0,0,0,2,1,0,907,908,907
1947,2,0,1,0,0,0,2,1,0,908,909,908
1948,2,0,1,0,0,0,2,1,0,909,910,909
1949,2,0,1,0,0,0,2,1,0,910,911,910
1950,2,0,1,0,0,0,2,1,0,911,912,911
1951,2,0,1,0,0,0,2,1,0,912,913,912
1952,2,0,1,0,0,0,2,1,0,913,914,913
1953,2,0,1,0,0,0,2,1,0,914,915,914
1954,2,0,1,0,0,0,2,1,0,915,916,915
1955,2,0,1,0,0,0,2,1,0,916,917,916
1956,2,0,1,0,0,0,2,1,0,917,918,917
1957,2,0,1,0,0,0,2,1,0,918,919,918
1958,2,0,1,0,0,0,2,1,0,919,920,919
1959,2,0,1,0,0,0,2,1,0,920,921,920
1960,2,0,1,0,0,0,2,1,0,921,922,921
1961,2,0,1,0,0,0,2,1,0,922,923,922
1962,2,0,1,0,0,0,2,1,0,923,924,923
1963,2,0,1,0,0,0,2,1,0,924,925,924
1964,2,0,1,0,0,0,2,1,0,925,926,925
1965,2,0,1,0,0,0,2,1,0,926,927,926
1966,2,0,1,0,0,0,2,1,0,927,928,927
1967,2,0,1,0,0,0,2,1,0,928,929,928
1968,2,0,1,0,0,0,2,1,0,929,930,929
1969,2,0,1,0,0,0,2,1,0,930,931,930
1970,2,0,1,0,0,0,2,1,0,931,932,931
1971,2,0,1,0,0,0,2,1,0,932,933,932
1972,2,0,1,0,0,0,2,1,0,933,934,933
1973,2,0,1,0,0,0,2,1,0,934,935,934
1974,2,0,1,0,0,0,2,1,0,935,936,935
1975,2,0,1,0,0,0,2,1,0,936,937,936
1976,2,0,1,0,0,0,2,1,0,937,938,937
1977,2,0,1,0,0,0,2,1,0,938,939,938
1978,2,0,1,0,0,0,2,1,0,939,940,939
1979,2,0,1,0,0,0,2,1,0,940,941,940
1980,2,0,1,0,0,0,2,1,0,941,942,941
1981,2,0,1,0,0,0,2,1,0,942,943,942
1982,2,0,1,0,0,0,2,1,0,943,944,943
1983,2,0,1,0,0,0,2,1,0,944,945,944
1984,2,0,1,0,0,0,2,1,0,945,946,945
1985,2,0,1,0,0,0,2,1,0,946,947,946
1986,2,0,1,0,0,0,2,1,0,947,948,947
1987,2,0,1,0,0,0,2,1,0,948,949,948
1988,2,0,1,0,0,0,2,1,0,949,950,949
1989,2,0,1,0,0,0,2,1,0,950,951,950
1990,2,0,1,0,0,0,2,1,0,951,952,951
1991,2,0,1,0,0,0,2,1,0,952,953,952
1992,2,0,1,0,0,0,2,1,0,953,954,953
1993,2,0,1,0,0,0,2,1,0,954,955,954
1994,2,0,1,0,0,0,2,1,0,955,956,955
1995,2,0,1,0,0,0,2,1,0,956,957,956
1996,2,0,1,0,0,0,2,1,0,957,958,957
1997,2,0,1,0,0,0,2,1,0,958,959,958
1998,2,0,1,0,0,0,2,1,0,959,960,959
1999,2,0,1,0,0,0,2,1,0,960,961,960
2000,2,0,1,0,0,0,2,1,0,961,962,961
2001,2,0,1,0,0,0,2,1,0,962,963,962
2002,2,0,1,0,0,0,2,1,0,963,964,963
2003,2,0,1,0,0,0,2,1,0,964,965,964
2004,2,0,1,0,0,0,2,1,0,965,966,965
2005,2,0,1,0,0,0,2,1,0,966,967,966
2006,2,0,1,0,0,0,2,1,0,967,968,967
2007,2,0,1,0,0,0,2,1,0,968,969,968
2008,2,0,1,0,0,0,2,1,0,969,970,969
2009,2,0,1,0,0,0,2,1,0,970,971,970
2010,2,0,1,0,0,0,2,1,0,971,972,971
2011,2,0,1,0,0,0,2,1,0,972,973,972
2012,2,0,1,0,0,0,2,1,0,973,974,973
2013,2,0,1,0,0,0,2,1,0,974,975,974
2014,2,0,1,0,0,0,2,1,0,975,976,975
2015,2,0,1,0,0,0,2,1,0,976,977,976
2016,2,0,1,0,0,0,2,1,0,977,978,977
2017,2,0,1,0,0,0,2,1,0,978,979,978
2018,2,0,1,0,0,0,2,1,0,979,980,979
2019,2,0,1,0,0,0,2,1,0,980,981,980
2020,2,0,1,0,0,0,2,1,0,981,982,981
2021,2,0,1,0,0,0,2,1,0,982,983,982
2022,2,0,1,0,0,0,2,1,0,983,984,983
2023,2,0,1,0,0,0,2,1,0,984,985,984
2024,2,0,1,0,0,0,2,1,0,985,986,985
2025,2,0,1,0,0,0,2,1,0,986,987,986
2026,2,0,1,0,0,0,2,1,0,987,988,987
2027,2,0,1,0,0,0,2,1,0,988,989,988
2028,2,0,1,0,0,0,2,1,0,989,990,989
2029,2,0,1,0,0,0,2,1,0,990,991,990
2030,2,0,1,0,0,0,2,1,0,991,992,991
2031,2,0,1,0,0,0,2,1,0,992,993,992
2032,2,0,1,0,0,0,2,1,0,993,994,993
2033,2,0,1,0,0,0,2,1,0,994,995,994
2034,2,0,1,0,0,0,2,1,0,995,996,995
2035,2,0,1,0,0,0,2,1,0,996,997,996
2036,2,0,1,0,0,0,2,1,0,997,998,997
2037,2,0,1,0,0,0,2,1,0,998,999,998
2038,2,0,1,0,0,0,2,1,0,999,1000,999
2039,2,0,1,0,0,0,2,1,0,1000,1001,1000
2040,2,0,1,0,0,0,2,1,0,1001,1002,1001
2041,2,0,1,0,0,0,2,1,0,1002,1003,1002
2042,2,0,1,0,0,0,2,1,0,1003,1004,1003
2043,2,0,1,0,0,0,2,1,0,1004,1005,1004
2044,2,0,1,0,0,0,2,1,0,1005,1006,1005
2045,2,0,1,0,0,0,2,1,0,1006,1007,1006
2046,2,0,1,0,0,0,2,1,0,1007,1008,1007
2047,2,0,1,0,0,0,2,1,0,1008,1009,1008
2048,2,0,1,0,0,0,2,1,0,1009,1010,1009
2049,2,0,1,0,0,0,2,1,0,1010,1011,1010
2050,2,0,1,0,0,0,2,1,0,1011,1012,1011
2051,2,0,1,0,0,0,2,1,0,1012,1013,1012
2052,2,0,1,0,0,0,2,1,0,1013,1014,1013
2053,2,0,1,0,0,0,2,1,0,1014,1015,1014
2054,2,0,1,0,0,0,2,1,0,1015,1016,1015
2055,2,0,1,0,0,0,2,1,0,1016,1017,1016
2056,2,0,1,0,0,0,2,1,0,1017,1018,1017
2057,2,0,1,0,0,0,2,1,0,1018,1019,1018
2058,2,0,1,0,0,0,2,1,0,1019,1020,1019
2059,2,0,1,0,0,0,2,1,0,1020,1021,1020
2060,2,0,1,0,0,0,2,1,0,1021,1022,1021
2061,2,0,1,0,0,0,2,1,0,1022,1023,1022
2062,2,0,1,0,0,0,2,1,0,1023,1024,1023
2063,2,0,1,0,0,0,2,0,1,1024,1025,0
2064,2,0,0,1,0,0,3,0,0,1024,1026,0
